anz_pflichtige	steuerperiode	kanton	null_norm	null_sond	cpop	cinc	G_steink	p1	p5	p10	p20	p25	p30	p40	p50	p60	p70	p75	p80	p90	p95	p99	mean
2	1961.5	"AG"			64247	762662	.3332687		6.136682	6.343667	6.819067	7.080397	7.340288	7.955952	8.709891	9.704832	11.12217	12.09939	13.37502	18.34931	26.00812	62.0404	11.87078
2	1963.5	"AG"			68711	943957	.3424324		6.61815	7.149831	7.708396	8.029084	8.349522	9.10217	9.999475	11.16256	12.82902	13.98238	15.51391	21.5859	30.7519	72.37348	13.73808
2	1965.5	"AG"			71273	1136579	.3389261	7.021931	7.883118	8.263957	8.937189	9.284049	9.660002	10.50253	11.5325	12.87931	14.86693	16.20786	17.99378	25.22137	36.7893	83.41701	15.94684
4	1967.5	"AG"			97513	1606852	.3301795		8.041345	8.435104	9.35219	9.766829	10.28002	11.2781	12.41996	13.82669	15.81522	17.23435	19.04675	25.82746	35.51464	81.99483	16.47834
3	1969.5	"AG"			112730	2046802	.3292024		8.221545	8.850742	10.1621	10.70146	11.33228	12.5368	13.88015	15.58546	17.81856	19.39716	21.35782	28.63688	38.67315	88.61122	18.15668
7	1971.5	"AG"			116760	2531499	.3149989	9.01475	10.28629	11.07183	12.43531	13.15609	13.76246	15.24934	16.80716	18.75037	21.43484	23.24287	25.47025	33.6019	45.44259	102.1454	21.68121
16	1973.5	"AG"			132941	3336615	.329192	9.417021	10.7087	11.81695	13.82519	14.75291	15.63662	17.43532	19.38202	21.67211	24.68151	26.7023	29.27423	38.78361	52.38941	120.2169	25.09846
14	1975.5	"AG"			152284	4460461	.3203568	10.10359	11.48468	13.11972	16.03929	17.35732	18.61356	21.14673	23.61995	26.49626	30.33459	32.64184	35.76404	46.58718	60.68697	125.7045	29.29041
9	1977.5	"AG"			171339	5174505	.326629	9.301402	10.46348	12.05265	15.56974	17.28716	18.86395	22.0914	25.10943	28.31148	32.53304	35.28912	38.51207	49.77122	63.12262	119.5384	30.20039
9	1979.5	"AG"			174244	5647865	.3187446	10.12639	11.7079	13.59881	17.22002	18.88797	20.57927	23.70977	26.78407	30.55984	35.10386	37.7942	41.32768	53.06972	67.17615	126.1108	32.41354
17	1981.5	"AG"			185162	6428310	.3248363	10.17869	12.05612	14.14122	18.09357	20.01969	21.76493	25.30905	28.64914	32.68196	37.69709	40.88718	44.60333	57.47093	72.67609	136.5092	34.71722
21	1983.5	"AG"			194626	7095928	.3257546	10.7246	12.63389	14.77841	18.89964	20.89647	22.84149	26.35524	30.18653	34.12025	39.26793	42.50371	46.54227	60.20676	76.56148	144.7593	36.4593
30	1985.5	"AG"			204705	7965592	.3287623	11.3734	13.38568	15.64069	20.04363	22.12181	24.18257	27.85733	31.94557	36.49074	42.05954	45.65421	50.03236	64.6742	82.25211	154.1134	38.91254
1308	1987.5	"AG"			220463	8939809	.3269368	10.43086	13.18498	16.21721	20.9512	22.98118	25.30773	29.24925	33.32318	37.94333	43.69692	47.31432	51.80361	67.05776	86.22397	161.285	40.55016
1758	1989.5	"AG"			225969	1.02e+07	.3309493		14.87226	18.35405	23.71022	26.0785	28.22353	32.57783	37.1433	42.38857	48.87251	52.90146	57.88434	74.45337	94.36296	179.4426	45.09949
2356	1991.5	"AG"			236005	1.19e+07	.3341594		15.97812	20.34745	26.3667	28.99201	31.48358	36.36531	41.45523	47.35885	54.73839	59.22981	64.84829	83.50807	106.1904	199.7547	50.38398
2720	1993.5	"AG"			238526	1.34e+07	.3264209		17.93766	22.82062	30.09988	32.7934	35.74222	41.13602	46.80042	53.34544	61.48357	66.54818	72.77992	93.25996	117.189		56.1302
0	1961.5	"AI"			1100	11442	.294704	6.020998	6.107942	6.223824	6.483937	6.631046	6.792001	7.187133	7.718994	8.472521	9.543014	10.29492	11.32385	14.73826	19.4179	56.46664	10.40182
0	1963.5	"AI"			1201	14431	.3095393	6.007141	6.364429	6.865201	7.326094	7.53625	7.767581	8.288793	8.929238	9.747372	11.07334	11.96185	13.26073	17.10884	23.34829	69.97188	12.01582
0	1965.5	"AI"			1092	17024	.3418593		7.942074	8.260968	8.887097	9.204785	9.533896	10.28239	11.18683	12.43072	14.29764	15.51745	17.06683	22.17001	33.0602	110.7968	15.58974
0	1967.5	"AI"			1686	25600.3	.3235299	7.010344	7.890108	8.25899	8.857594	9.249695	9.564018	10.37453	11.29322	12.37256	13.83363	14.83313	16.44555	22.22893	29.53712	85.65217	15.18405
0	1969.5	"AI"			2457	37238	.3221553		7.534312	8.233399	9.079063	9.430908	9.82213	10.64091	11.63789	12.80647	14.53426	15.71693	17.13779	24.05417	33.01042	79.13371	15.15588
0	1971.5	"AI"			2351	44015.3	.307724		10.01354	10.38015	11.26358	11.6589	12.18006	13.20137	14.33941	15.74939	17.69554	19.22306	20.79375	28.33225	38.97681	93.58595	18.72195
0	1973.5	"AI"			3073	65403.4	.33415		10.181	10.71759	12.03657	12.59869	13.24295	14.42961	15.83987	17.67021	20.14733	21.73392	24.0055	31.82397	45.05494	107.0802	21.28324
0	1975.5	"AI"			3945	95255.6	.3260425	10.04187	10.71074	11.52607	13.20309	14.05765	14.8547	16.74301	18.69728	21.06346	23.7401	25.66614	27.90291	37.57389	50.6158	113.6116	24.14591
0	1977.5	"AI"			4334	112567.3	.3216467	9.682749	10.82415	12.0619	14.05786	15.05951	16.10707	18.37518	20.69305	23.30954	26.60615	28.6477	31.52515	42.36255	56.24358	121.4106	25.97307
0	1979.5	"AI"			4572	124663.3	.3308628	9.339178	11.03506	12.2245	14.42969	15.48888	16.65457	19.17832	21.80926	24.54434	27.9065	30.27602	33.27517	43.93477	58.15777	116.0101	27.26669
0	1981.5	"AI"			4910	142311.4	.335987	9.442862	11.26377	12.52965	15.19262	16.43574	17.62254	20.26754	22.81557	25.97632	29.80287	32.4203	35.85182	47.33787	62.37986	127.1013	28.98399
1	1983.5	"AI"			5252	158118.7	.343906		11.43487	12.76684	15.45105	16.75946	18.19271	21.02082	24.08014	27.08261	31.13253	33.79128	37.18652	49.66349	66.61724	140.382	30.10638
1	1985.5	"AI"			5497	178534.5	.3525048		11.82587	13.38481	16.5122	18.08718	19.48748	22.61757	25.76819	29.45156	34.08584	36.8216	40.18822	53.62849	72.6853	152.4537	32.47853
38	1987.5	"AI"			6073	205534.2	.3506711		11.04193	12.96673	16.68812	18.38636	20.31717	23.57489	26.9105	30.65421	35.4049	38.30988	41.95557	55.06657	75.56963	155.5529	33.84393
45	1989.5	"AI"			5924	230057.2	.3412925		12.18742	15.72467	20.44366	22.18522	24.21137	27.70237	31.44686	35.56172	40.30611	43.21531	47.22109	62.3045	82.93602	173.7332	38.83477
61	1991.5	"AI"			6133	267951.8	.3514563		13.62671	17.2541	22.43962	24.87622	26.83961	31.06676	35.27041	39.43968	45.00092	48.21337	52.45734	67.88195	91.79953	199.3302	43.69017
67	1993.5	"AI"			6201	298246.7	.339106		15.99184	19.24876	25.34976	27.66298	30.34491	35.28614	39.48958	44.38276	50.96957	55.19681	59.72544	76.05748	98.3445		48.09655
0	1961.5	"AR"			9937	104071	.3255357		6.041389	6.196032	6.546756	6.747283	6.968446	7.390171	7.913697	8.58208	9.522091	10.17602	11.06605	15.31021	22.25085	56.89984	10.47308
0	1963.5	"AR"			10834	131490	.3235996		6.319027	6.978146	7.416232	7.658265	7.925745	8.440391	9.066661	9.840602	10.94084	11.74144	12.83893	17.97667	26.09656	62.82477	12.13679
0	1965.5	"AR"			10037	146066	.3420982		7.456421	8.104721	8.626081	8.925845	9.20317	9.816212	10.55341	11.50412	12.89272	13.87708	15.10981	21.56881	31.22794	79.89554	14.55275
1	1967.5	"AR"			12720	191373.5	.3267502		7.641912	8.224059	8.878384	9.29445	9.640278	10.44651	11.3464	12.43011	13.8497	14.8175	16.25563	22.10761	30.89386	79.54176	15.04509
1	1969.5	"AR"			15073	248383.6	.3493963		7.687115	8.371648	9.342097	9.770259	10.29016	11.27895	12.35948	13.65988	15.38482	16.53365	18.14564	24.19676	33.71255	87.25405	16.47871
1	1971.5	"AR"			15151	301565	.3229809		10.10776	10.60269	11.65868	12.23545	12.72657	13.8597	15.15504	16.60127	18.63379	20.13509	21.83834	29.11944	40.17705	101.2456	19.90397
3	1973.5	"AR"			16079	362456.7	.3304226	9.169971	10.38446	11.20949	12.69185	13.44665	14.19428	15.58335	17.13352	18.85062	21.30181	22.822	24.80159	33.08155	46.70881	116.3213	22.54224
7	1975.5	"AR"			17454	467141.6	.347066	9.485798	11.04668	12.19299	14.23922	15.28133	16.33826	18.32175	20.40695	22.76894	25.91515	27.86639	30.56931	40.77016	56.00086	133.0586	26.76416
3	1977.5	"AR"			18965	525284.7	.3437024		10.85789	12.20775	14.52163	15.62709	16.83236	19.29236	21.74071	24.57367	28.0959	30.5575	33.45823	44.00441	58.10623	132.6596	27.69758
4	1979.5	"AR"			20703	605090.4	.3403171	10.00315	11.3489	12.74522	15.39851	16.56999	17.77199	20.23239	22.77132	25.7605	29.62522	32.18034	35.48609	46.92133	61.34386	135.9619	29.22718
5	1981.5	"AR"			21938	687972.3	.3446963	9.628968	11.51068	13.25116	16.19501	17.64702	19.15962	21.86026	24.59403	27.62152	31.84563	34.63914	38.28261	50.73299	66.64477	139.3711	31.35985
7	1983.5	"AR"			22586	757568.5	.3530747	10.10546	11.85927	13.63862	17.02467	18.48543	20.07931	23.19717	26.09972	29.60296	34.07552	37.00678	40.77555	54.06504	71.4507	155.0502	33.54151
8	1985.5	"AR"			23909	852608.5	.357655	11.04314	12.59538	14.4682	17.75594	19.46148	21.11672	24.28707	27.41565	31.34272	36.26554	39.46332	43.52123	57.94369	76.47187	168.2709	35.66057
212	1987.5	"AR"			26279	971705.2	.3588579		11.81172	14.77995	18.26243	20.2809	21.72451	25.28456	28.49448	32.44193	37.44561	40.72529	44.68337	59.05791	77.50742	178.3446	36.97649
248	1989.5	"AR"			27100	1117222	.3545721		13.31754	16.93962	21.47831	23.08411	25.02254	28.06253	31.78855	36.24295	41.98538	45.72415	50.2999	65.69099	90.01704	191.565	41.22591
295	1991.5	"AR"			27455	1248630	.3564519		14.52207	18.36757	23.49798	25.75579	27.60688	31.56772	35.70214	40.55904	46.74447	50.8175	55.8563	72.81089	95.99366		45.47916
361	1993.5	"AR"			26448	1363338	.3579429		16.23814	20.48748	26.2985	28.64236	31.11142	35.96467	40.84711	46.7074	53.95119	58.39246	63.94755	82.65835	107.9984		51.54786
9	1961.5	"BE"			170615	2118791	.3545985		6.094119	6.346251	6.932211	7.227946	7.544616	8.276637	9.169035	10.31214	11.89838	12.94943	14.2889	19.35406	27.05958	64.31076	12.41855
9	1963.5	"BE"			183669	2580296	.3615989		6.381025	7.117939	7.738329	8.086938	8.435596	9.250648	10.25027	11.53935	13.32715	14.5109	16.07703	21.86556	30.99234	75.14516	14.04862
16	1965.5	"BE"			187050	3026810	.3680688		7.398634	8.164579	8.88476	9.261674	9.663282	10.5678	11.67866	13.12538	15.1244	16.4482	18.19734	25.12141	36.06743	89.3314	16.18182
17	1967.5	"BE"			237499	4136445	.3526724		8.059824	8.467152	9.412416	9.853738	10.37442	11.42257	12.64838	14.25131	16.3652	17.76717	19.67462	26.88227	37.56473	92.76395	17.41668
18	1969.5	"BE"			271774	5052995	.3546159		8.11799	8.718311	10.04947	10.56683	11.20993	12.43403	13.81878	15.57891	18.004	19.51416	21.52025	28.96244	39.78601	97.70029	18.59263
32	1971.5	"BE"			271801	6015691	.3452368		10.14364	10.79193	12.20989	12.80988	13.51158	15.03075	16.5967	18.60168	21.35297	23.1484	25.48415	34.1125	46.86883	113.3891	22.1327
42	1973.5	"BE"			303854	7517445	.3467209	9.243162	10.52936	11.49456	13.29013	14.14402	14.88614	16.56131	18.44138	20.69533	23.74058	25.83941	28.41696	38.47648	52.98873	127.8632	24.74032
36	1975.5	"BE"			346769	9892904	.3396424	9.802985	11.20181	12.50778	15.15651	16.34013	17.5004	19.74071	22.21651	25.15225	28.77258	31.26611	34.28428	45.60096	60.74702	135.2775	28.5288
20	1977.5	"BE"			341191	1.04e+07	.3356495	9.583443	11.28165	12.70641	15.71601	17.26436	18.69337	21.50716	24.38165	27.6387	31.94852	34.63531	37.99283	49.81507	64.85667	133.4951	30.40694
24	1979.5	"BE"			356252	1.11e+07	.3385161	9.245469	11.28436	12.78114	16.01955	17.5364	19.13245	22.11439	25.13074	28.52516	33.02267	35.93444	39.3709	51.46279	66.8315	135.398	31.2162
28	1981.5	"BE"			370223	1.22e+07	.3525969		11.03586	12.72899	16.36187	18.17423	19.87487	23.26627	26.50517	30.49192	35.45909	38.43882	42.27196	55.21745	71.44345	144.0255	32.92442
44	1983.5	"BE"			386459	1.35e+07	.3557245		11.53385	13.41319	17.24321	19.14518	21.01479	24.50734	27.90122	32.04592	37.24998	40.64582	44.69283	58.76452	76.39818	152.9658	34.86797
54	1985.5	"BE"			397502	1.49e+07	.3465752	11.17474	12.74863	14.66085	18.52762	20.45692	22.40268	26.05848	30.09913	34.33209	40.08571	43.53965	47.99411	63.20992	81.70697	160.1939	37.56342
2698	1987.5	"BE"			424456	1.62e+07	.3408037	10.19457	12.07492	15.08395	19.00392	21.05612	22.9584	26.88141	30.92374	35.3383	40.8886	44.35186	48.69024	63.42712	81.67155	160.8877	38.27752
3311	1989.5	"BE"			422969	1.81e+07	.3407803		13.15456	16.88562	22.03131	24.24912	26.29938	30.51858	34.65739	39.57734	45.86552	49.692	54.44545	70.31402	90.05614	178.2228	42.75434
4030	1991.5	"BE"			436823	2.03e+07	.3396081		15.06133	18.3396	24.09558	26.49331	28.81098	33.24429	37.87992	43.27774	50.16869	54.32452	59.48144	76.66879	97.7595	192.4867	46.54409
4693	1993.5	"BE"			441020	2.29e+07	.3375496		16.51293	20.59519	27.0432	30.00378	32.2955	37.3489	42.59716	48.58441	56.34894	61.18997	67.09591	88.96095	109.3781		51.9315
6	1961.5	"BL"			34794	487897	.3987333		6.178775	6.46662	7.112598	7.428857	7.78251	8.540704	9.437949	10.57337	12.17949	13.26779	14.65806	20.68557	31.41433	89.82682	14.02245
5	1963.5	"BL"			37793	612435	.4141572		6.646101	7.250007	8.026466	8.393197	8.803788	9.687384	10.75833	12.10265	13.99584	15.24898	16.99491	24.57646	37.91004	109.0936	16.20498
10	1965.5	"BL"			41572	789474	.4224229		7.564811	8.325251	9.278504	9.753485	10.24245	11.30559	12.59552	14.20886	16.44781	17.9638	20.09886	29.31789	45.23116	129.2772	18.99052
10	1967.5	"BL"			50534	1061681	.3948962	7.443593	8.350536	9.067972	10.27722	10.83169	11.46892	12.71439	14.25758	16.06051	18.49096	20.25271	22.47359	31.95526	48.0718	132.8511	21.00924
11	1969.5	"BL"			58164	1336320	.3845936	7.661588	8.672319	9.618279	11.3526	12.18029	12.8943	14.4643	16.19855	18.24781	21.10023	23.03539	25.52129	35.07934	51.72126	135.0825	22.97504
21	1971.5	"BL"			62041	1692995	.3788742	9.492503	10.68552	11.73684	13.62336	14.53909	15.43858	17.28321	19.3346	21.78616	25.21474	27.38598	30.39479	41.81072	60.42422	156.5989	27.28832
24	1973.5	"BL"			71059	2198050	.3853588		11.01729	12.58412	15.36823	16.54456	17.66117	20.04685	22.47914	25.49021	29.35479	32.09363	35.7088	49.59585	70.21915	165.9832	30.93274
22	1975.5	"BL"			80346	2812130	.3590289	10.08431	11.85726	14.09968	17.72376	19.3909	20.86296	23.82587	26.80553	30.49517	35.05019	37.99439	41.99672	56.64722	77.28102	168.082	35.00025
18	1977.5	"BL"			84398	3162134	.3544854	10.12837	12.15787	14.41192	18.69716	20.65648	22.5205	25.93189	29.54157	33.55639	38.72216	42.09893	46.40425	61.34272	81.35013	169.8762	37.46693
23	1979.5	"BL"			87897	3391264	.357663	10.07235	12.11762	14.44016	19.01372	21.09888	23.02103	26.56759	30.60834	35.00925	40.31797	43.75146	48.31078	64.0151	84.85959	172.2164	38.58224
23	1981.5	"BL"			92553	3766007	.3643107	9.408532	12.11776	14.69114	19.53755	21.77269	24.00192	27.76427	32.07719	37.02625	43.03919	46.87	51.75396	68.67074	90.74997	181.2567	40.69027
27	1983.5	"BL"			96268	4080017	.3659081	7.116397	12.6357	15.38355	20.4211	22.68404	24.88203	28.91398	33.24557	38.19967	44.55167	48.48824	53.69971	71.74165	94.27769	189.9625	42.38186
26	1985.5	"BL"			100634	4528866	.367006	7.537602	13.3225	16.22997	21.4581	23.82707	26.07428	30.7179	35.54506	40.93274	47.63543	51.99337	57.46897	76.67982	100.1996	197.1394	45.00333
1213	1987.5	"BL"			107548	5114158	.3690329	10.08735	13.34665	16.92939	22.6236	25.36817	27.54344	32.22499	37.06005	42.61759	49.64939	54.02815	59.49065	79.26684	104.859		47.55233
1421	1989.5	"BL"			108697	5693746	.3659778		15.41706	20.00304	25.69902	28.20797	30.87011	35.84465	41.08624	47.20686	55.10104	59.8261	65.85593	90.07946	114.7192		52.38181
1792	1991.5	"BL"			111176	6384105	.3637342		16.65261	21.47072	28.2791	31.23115	33.95728	39.30431	45.1288	51.76121	60.35625	65.72624	72.31234	95.3046	125.1253		57.42341
2184	1993.5	"BL"			111244	7126515	.3566039		18.6566	24.45374	32.09333	35.5545	38.5421	44.61367	51.03983	58.37924	67.90305	73.98482	81.44785	106.4963	138		64.06201
9	1961.5	"BS"			74738	1059470	.3828128		6.208956	6.567953	7.300773	7.660163	8.053392	8.863931	9.828605	11.04542	12.70457	13.80702	15.28374	21.23862	31.96697	87.25599	14.17579
5	1963.5	"BS"			85449	1286232	.3887176		6.162648	7.15278	7.994122	8.370771	8.791353	9.66238	10.6847	11.99503	13.80152	15.01393	16.59209	22.91244	33.87171	90.81217	15.05263
9	1965.5	"BS"			85535	1512195	.3754843		7.75668	8.371387	9.300458	9.757331	10.22084	11.20113	12.3424	13.80486	15.82708	17.20837	18.99664	26.37111	39.15931	107.3206	17.67925
16	1967.5	"BS"			96466	1850812	.3736942		8.049404	8.63795	9.897071	10.51083	11.15745	12.35516	13.66784	15.31503	17.50585	19.06289	21.08193	28.82976	41.64349	112.0181	19.18616
21	1969.5	"BS"			103144	2169926	.3794587		8.207167	9.077882	10.64067	11.42142	12.19061	13.60871	15.24157	17.11434	19.54743	21.25508	23.43849	31.88686	45.5183	122.4255	21.03783
35	1971.5	"BS"			98473	2490108	.3725644	6.555722	10.35488	11.32399	13.12233	13.86075	14.68614	16.39117	18.22158	20.40946	23.37982	25.37706	27.97999	38.03518	54.45462	144.7131	25.28721
48	1973.5	"BS"			100698	2948348	.3923953		10.57858	11.89793	14.35794	15.46986	16.54199	18.66661	21.05359	23.7152	27.20528	29.51406	32.65966	44.80674	64.8699	170.4826	29.27911
47	1975.5	"BS"			102210	3407407	.3949314		10.70566	12.45856	15.77075	17.4092	18.88837	21.78925	24.80207	28.10537	32.3747	35.1688	38.62296	52.33671	73.45092	182.991	33.33731
31	1977.5	"BS"			100969	3586351	.3834441		11.03483	12.79027	16.5571	18.45456	20.3323	23.77831	27.18341	31.24841	36.11275	39.07691	43.04514	57.6597	78.6572	182.7515	35.51933
29	1979.5	"BS"			100251	3656209	.3799081		11.39251	13.35238	17.11017	19.0179	20.84625	24.49867	27.99282	32.14498	37.16125	40.39211	44.38664	59.49278	81.87582	184.3041	36.47055
35	1981.5	"BS"			101025	3842507	.3808702		11.47683	13.55562	17.59919	19.65559	21.68168	25.5147	29.38206	33.76506	39.19612	42.62571	47.00232	62.83712	85.28783	186.3589	38.03521
43	1983.5	"BS"			101500	4121605	.381102	6.516538	12.24442	14.53594	18.74561	20.81269	22.88726	26.93149	31.29221	36.03149	41.63951	45.27708	49.88718	67.02701	91.05359	196.0662	40.60694
47	1985.5	"BS"			102479	4428453	.3812747	8.03003	12.86984	15.35957	19.79262	22.09213	24.27539	28.6253	33.30302	38.47521	44.71275	48.66762	53.69092	72.03815	96.99469	206.4664	43.21327
1199	1987.5	"BS"			108457	4769984	.3773345		12.14345	15.43116	20.49926	22.58543	25.10602	29.52456	34.15301	39.35383	45.57545	49.41291	54.39854	72.46313	96.39108		43.98041
1304	1989.5	"BS"			107676	5096555	.3718437		13.09821	17.02183	22.58155	25.21209	27.36291	32.16959	37.13075	42.61113	49.22393	53.49574	58.98647	77.98054	103.5142		47.33232
1550	1991.5	"BS"			108670	5632436	.3729561		15.11943	18.60683	24.88689	27.38606	30.21695	35.35809	40.63195	46.46357	53.59329	58.20493	64.08318	84.68228	112.0451		51.83064
1841	1993.5	"BS"			108948	6329968	.37193		16.59464	20.64708	27.67548	30.89972	33.9165	40.00715	45.92123	52.5717	60.87683	66.04161	72.47033	95.15899	124.283		58.10082
79	1961.5	"CH"			1185438	1.47e+07	.3562466		6.134748	6.372768	6.923744	7.19065	7.468038	8.116076	8.893053	9.920041	11.35613	12.35549	13.66554	18.84544	27.11528	68.05923	12.43169
107	1963.5	"CH"			1285173	1.83e+07	.3717081		6.477386	7.133439	7.730052	8.064507	8.385319	9.136828	10.04293	11.22047	12.89221	14.04397	15.58419	21.73294	31.76023	80.86428	14.24381
159	1965.5	"CH"			1299066	2.15e+07	.376457		7.553763	8.206017	8.9246	9.283063	9.666885	10.52471	11.56617	12.91281	14.82177	16.13473	17.90541	25.17975	37.12262	95.36873	16.5163
194	1967.5	"CH"			1530556	2.74e+07	.3698386		8.040617	8.457121	9.421573	9.87291	10.39752	11.45212	12.67049	14.26585	16.3791	17.79598	19.74209	27.48088	39.43451	100.1968	17.89146
268	1969.5	"CH"			1783952	3.46e+07	.3731388		8.126659	8.745476	10.09848	10.64242	11.29738	12.55436	14.06819	15.75837	18.21012	19.76419	21.85316	30.0631	42.41895	106.6112	19.38584
399	1971.5	"CH"			1817683	4.22e+07	.364826		10.15454	10.84158	12.31158	13.04873	13.66995	15.20769	16.82566	18.89618	21.72044	23.60592	26.11157	35.63418	50.26704	125.6307	23.20907
588	1973.5	"CH"			2032655	5.30e+07	.3763891		10.35307	11.42979	13.38757	14.30549	15.20529	17.01791	18.88683	21.33012	24.48336	26.61337	29.36098	40.36994	57.02872	142.8786	26.06714
644	1975.5	"CH"			2284951	6.84e+07	.3689488		10.75099	12.35612	15.24258	16.52894	17.77931	20.26721	22.77851	25.79186	29.58343	32.10591	35.37675	47.27784	64.36105	150.8113	29.91718
513	1977.5	"CH"			2417384	7.65e+07	.363126		10.68697	12.43095	15.70294	17.34114	18.85151	21.85915	25.00926	28.30127	32.70522	35.58752	39.00648	51.6195	68.34688	147.4354	31.63978
532	1979.5	"CH"			2538815	8.33e+07	.3648677		10.77759	12.62329	16.18897	17.8258	19.50677	22.66096	25.88698	29.60253	34.2604	37.23153	40.98693	54.04914	71.47098	151.1201	32.8073
633	1981.5	"CH"			2662298	9.27e+07	.3722582		10.68374	12.75382	16.69877	18.61202	20.47646	24.06033	27.40862	31.56791	36.71698	40.05056	43.95955	58.15516	76.80809	160.4623	34.81658
788	1983.5	"CH"			2787078	1.03e+08	.3766207		11.32993	13.40705	17.57811	19.58396	21.52831	25.30428	28.95068	33.25864	38.68623	42.16405	46.52651	61.94967	82.26667	172.4589	36.99725
936	1985.5	"CH"			2901058	1.15e+08	.3788968		12.08573	14.24015	18.57321	20.67133	22.74021	26.66016	30.95872	35.71264	41.60069	45.43712	50.17605	66.8087	88.47428	184.144	39.62337
28687	1987.5	"CH"			3102803	1.28e+08	.3794204		11.26058	14.64989	19.40314	21.54036	23.71131	27.87726	32.20008	37.05317	43.07893	46.94164	51.75349	68.67874	91.18972	192.4844	41.41114
35763	1989.5	"CH"			3107909	1.44e+08	.3745958		12.04388	16.64998	22.36244	25.01413	26.99859	31.49691	36.17337	41.52837	48.23642	52.51459	57.84262	76.47861	101.3006		46.17918
43870	1991.5	"CH"			3222711	1.63e+08	.3758072		13.38306	18.05612	24.61329	27.09567	29.75591	34.56161	39.60563	45.54698	52.84806	57.54199	63.37356	83.66264	110.6677		50.60645
50603	1993.5	"CH"			3268548	1.82e+08	.3695064		15.71616	20.17682	27.24886	30.42324	33.08154	38.62704	44.36251	50.98277	59.19507	64.40317	70.95501	93.1267	121.4184		55.78638
0	1961.5	"FR"			18276	196115	.2870682		6.114214	6.295123	6.707972	6.945562	7.186914	7.742881	8.442324	9.363683	10.64052	11.48071	12.56384	16.53942	21.89093	44.1539	10.73074
1	1963.5	"FR"			20916	259715	.3123346		6.410369	7.040014	7.480063	7.732744	8.011764	8.642885	9.43575	10.46477	11.98722	12.96265	14.34292	19.26889	26.30519	53.9195	12.41705
1	1965.5	"FR"			21294	305428	.3294008		7.349	8.0531	8.553337	8.840497	9.141647	9.811432	10.69727	11.86768	13.53806	14.72172	16.29338	22.13518	31.36985	73.44734	14.34338
0	1967.5	"FR"			30916	459537.6	.3199119		7.501521	8.16434	8.759375	9.168262	9.482909	10.3218	11.33776	12.59456	14.40122	15.5955	17.30006	23.33594	31.94755	68.83044	14.86407
0	1969.5	"FR"			37576	602514	.318155		8.023965	8.392472	9.274762	9.665071	10.17908	11.17603	12.27796	13.68349	15.69946	17.14167	18.82765	25.49154	34.29908	72.64652	16.03454
0	1971.5	"FR"			38056	742146.9	.3085642	6.497596	10.08641	10.49039	11.4411	11.89622	12.44635	13.55508	14.84582	16.58486	19.04698	20.55589	22.57524	30.34946	40.96032	86.97752	19.50144
7	1973.5	"FR"			47312	1037189	.3206348	9.295826	10.33853	11.10146	12.41976	13.12998	13.70683	15.12919	16.61573	18.5238	21.20934	23.00594	25.2632	33.9403	45.83895	99.03074	21.92233
8	1975.5	"FR"			55975	1423580	.3157944	9.84735	10.89175	12.09661	14.25574	15.26972	16.26268	18.20092	20.20825	22.55425	25.69965	27.67893	30.38469	39.49737	51.68879	106.3774	25.43242
6	1977.5	"FR"			59642	1886284	.2931035	10.31441	12.63888	14.81577	18.12779	19.55334	21.09937	24.0622	26.74123	30.20902	34.05278	36.59188	39.65931	49.60657	61.80991	111.1736	31.62677
6	1979.5	"FR"			63729	1771265	.3295401		10.49209	11.85625	14.71189	16.22596	17.58314	20.26795	22.88208	25.91452	29.73959	32.20136	35.3799	45.8113	58.43925	107.9054	27.7937
8	1981.5	"FR"			68294	2027246	.3386179		10.56896	12.15595	15.29377	16.86513	18.44959	21.3808	24.29852	27.52862	31.80531	34.46563	37.7784	49.01844	62.93863	118.7985	29.68409
11	1983.5	"FR"			71743	2256783	.3358908		11.39891	13.03474	16.32685	17.88267	19.48207	22.55057	25.56561	28.89161	33.27985	36.16344	39.65367	51.86843	66.82697	130.0347	31.45649
16	1985.5	"FR"			75623	2591465	.3402733		12.13071	13.76621	17.4471	19.29709	21.11281	24.41555	27.56503	31.47843	36.37112	39.48152	43.44788	56.84107	73.41548	143.3527	34.26822
428	1987.5	"FR"			83894	2998222	.3419215		11.17393	13.48267	17.71037	20.04718	21.68338	25.57285	29.03683	32.97822	38.02175	41.33424	45.47684	59.28618	76.56538	149.3096	35.73822
604	1989.5	"FR"			83988	3427331	.3436919		12.18141	16.17386	21.35235	23.34555	25.48996	29.13642	32.92577	37.44229	43.19171	46.87508	51.41669	66.62849	86.64536	171.3311	40.80738
763	1991.5	"FR"			88913	3999082	.3437169		13.90716	17.73702	23.35313	25.82788	27.88668	32.09261	36.43037	41.37218	47.59746	51.58438	56.42244	72.58857	93.38178	185.7971	44.97747
891	1993.5	"FR"			92646	4671328	.34318		16.09581	19.79661	26.24665	28.86233	31.37142	36.2136	41.15386	46.7288	53.9292	58.4444	63.97863	82.39017	104.8372	196.4867	50.42125
13	1961.5	"GE"			83859	1208393	.3960512	6.000316	6.240931	6.571039	7.242528	7.558683	7.911937	8.653002	9.576369	10.79838	12.57054	13.75731	15.42871	22.2627	33.50695	85.18538	14.40982
24	1963.5	"GE"			93287	1553857	.4189277		6.889732	7.318659	8.090725	8.441055	8.832357	9.709334	10.78191	12.19006	14.1784	15.59813	17.53214	25.89262	40.15725	103.7478	16.65674
36	1965.5	"GE"			88872	1736574	.4254555		8.038263	8.463481	9.347763	9.786765	10.24624	11.26662	12.50713	14.13497	16.45599	18.10269	20.29689	29.84761	46.03632	119.7799	19.54017
32	1967.5	"GE"			89021	2012895	.4320498		8.251445	9.026085	10.25044	10.80722	11.46693	12.81151	14.45617	16.49795	19.42811	21.47244	24.17576	36.12761	54.68159	139.0721	22.61147
56	1969.5	"GE"			97922	2470569	.4330804	7.336072	8.639321	9.617114	11.335	12.13551	12.8273	14.47551	16.33325	18.63481	21.81809	24.14766	27.13119	39.14471	58.39586	151.7168	25.22997
72	1971.5	"GE"			103835	2996205	.415078	9.418567	10.62284	11.62646	13.42154	14.28948	15.16855	17.02386	19.11526	21.70052	25.44908	27.89295	31.29124	44.61259	66.20904	166.619	28.85544
93	1973.5	"GE"			109247	3545988	.4255067	9.791611	11.17552	12.47794	14.77116	15.80354	16.79313	18.88563	21.2747	24.23786	28.24622	31.14809	35.00212	50.63962	75.48816	194.0497	32.45845
100	1975.5	"GE"			119934	4311079	.4180274		11.24	13.15196	16.51251	18.10305	19.47283	22.27854	25.27839	28.74251	33.47336	36.66769	40.84768	57.44976	82.45408	201.8331	35.94543
84	1977.5	"GE"			126094	4903117	.4094034		11.2097	13.36736	17.46948	19.45127	21.3428	24.84405	28.40035	32.74295	38.24682	41.94365	46.74553	64.57789	89.45212	202.5135	38.88462
86	1979.5	"GE"			131218	5299877	.4082504		11.30535	13.54038	18.05766	20.16026	22.16707	25.83322	29.83022	34.4088	40.42986	44.20164	49.21683	67.9072	94.71597	203.4408	40.38986
106	1981.5	"GE"			134252	5884809	.4123559		11.72874	14.33596	19.28369	21.58955	23.7554	27.63784	32.01493	37.10504	43.61875	47.90465	53.41169	74.14525	103.4648	221.3912	43.83405
141	1983.5	"GE"			147990	6954389	.4291042		11.74859	13.85002	19.35095	22.01151	24.45687	28.97648	33.70058	39.26766	46.32557	50.98885	57.03787	80.19241	111.8565	245.1632	46.99229
170	1985.5	"GE"			150758	7813405	.4305635		13.15057	15.50819	21.30144	24.17355	26.57998	31.68941	36.91431	42.9076	50.74575	55.88944	62.49486	87.33953	122.5067	270.9128	51.82747
3264	1987.5	"GE"			156560	9146684	.4461384	10.76226	15.15128	17.56456	23.29011	26.22223	28.98381	34.20796	39.67469	45.93052	53.90101	59.30999	66.30401	92.3811	130.1896		58.42287
3807	1989.5	"GE"			157687	9669554	.4200093	10.83657	15.68807	19.72351	26.19033	29.30138	32.15808	37.82687	43.67201	50.57729	59.34035	65.22166	72.63182	100.52	140.2202		61.32119
4228	1991.5	"GE"			163991	1.07e+07	.4174337	11.24113	16.4283	20.80892	28.00333	31.33107	34.4981	40.64634	46.83254	54.04515	63.4454	69.53873	77.50774	106.8659	147.1479		65.25854
4476	1993.5	"GE"			162467	1.13e+07	.4059114	13.15817	17.64113	21.98661	30.31827	33.87073	37.37657	44.22345	51.27645	59.19912	69.18224	75.72121	84.10934	114.3463	154.8389		69.25396
0	1961.5	"GL"			7057	82086	.3276344		6.161725	6.396489	6.939342	7.177507	7.420205	7.992529	8.637348	9.484672	10.62414	11.40648	12.49805	16.97373	24.36219	59.79466	11.63186
0	1963.5	"GL"			7935	101754	.3255041		6.674514	7.162806	7.684408	7.986153	8.25182	8.870407	9.588919	10.4845	11.76001	12.65756	13.90134	18.74149	27.17943	71.10814	12.82344
0	1965.5	"GL"			8112	118880	.3395301		7.544071	8.146798	8.706399	9.024293	9.32167	10.01857	10.77035	11.74393	13.13218	14.15244	15.48682	20.98619	30.8198	83.86285	14.65483
0	1967.5	"GL"			10246	156640.8	.3278705		7.778422	8.295024	9.107069	9.443679	9.817291	10.64038	11.63127	12.75903	14.32661	15.36349	16.66976	21.85684	30.69482	83.62274	15.288
0	1969.5	"GL"			11121	188461.7	.3308769		8.128242	8.612802	9.653363	10.2114	10.66561	11.74606	13.03743	14.37404	16.18702	17.3285	18.81684	24.64595	34.02207	87.83423	16.94647
1	1971.5	"GL"			11358	229725.6	.3145422		10.16461	10.72838	12.02212	12.54095	13.18869	14.42442	15.76304	17.33212	19.31656	20.60795	22.44458	28.90978	39.25191	105.9373	20.22588
1	1973.5	"GL"			11823	271623.5	.3232208	9.272959	10.4802	11.38521	13.08799	13.83369	14.61025	16.24243	17.83105	19.76326	22.22349	23.71673	25.92322	33.71233	45.16322	121.5581	22.97416
4	1975.5	"GL"			13820	375917.3	.3276588	10.01571	11.1787	12.38257	14.7847	16.08413	17.30244	19.51333	21.78274	24.40429	27.34184	29.26579	31.81082	40.99313	53.28276	123.6388	27.20096
1	1977.5	"GL"			14586	415024.9	.3162116	10.14513	11.41155	12.71856	15.35981	16.70741	18.07871	20.78765	23.43943	26.27912	29.79013	31.97479	34.70076	43.99739	56.70771	124.9802	28.45365
1	1979.5	"GL"			15138	444210.6	.3206154	10.04402	11.36252	12.7626	15.56406	17.11145	18.529	21.38915	24.26018	27.32409	31.32093	33.62879	36.63847	46.16922	58.28973	124.4755	29.34407
0	1981.5	"GL"			15540	479213.5	.3284176		11.39073	12.88379	15.84462	17.52658	19.22225	22.46794	25.66568	29.00122	33.26043	35.97227	39.0644	49.5119	61.94957	124.8966	30.83742
0	1983.5	"GL"			16284	525904.3	.3261276	10.04195	11.87156	13.48524	16.76517	18.49329	20.23469	23.59679	26.75678	30.50009	34.85292	37.4367	40.76691	52.31618	66.18178	129.0106	32.29577
1	1985.5	"GL"			16865	580150.7	.3396726		12.16938	13.88781	17.5064	19.38947	21.32793	25.03187	28.52644	32.54941	37.43256	40.55954	44.10795	56.71834	71.61447	136.823	34.39968
104	1987.5	"GL"			18273	660759.9	.3234483	10.08304	12.10906	15.20016	18.79819	20.77351	22.49081	26.25098	30.11508	34.0037	38.96251	42.02615	45.82083	58.21716	73.2468	143.2427	36.16045
117	1989.5	"GL"			18773	769845.7	.3109045	10.592	15.29987	17.97969	22.41667	24.47541	26.31587	30.26472	33.97252	38.38023	44.00199	47.43689	51.51615	65.65742	82.38747	157.2415	41.00813
153	1991.5	"GL"			19291	861225.6	.3208623		15.65908	19.1936	24.40153	26.53613	28.65559	32.73102	37.02451	41.92326	47.86435	51.58284	56.16695	71.0183	89.68051	179.394	44.64391
171	1993.5	"GL"			19146	948386.5	.3157302		17.38695	21.38943	27.1429	29.73948	31.97413	36.67044	41.50512	46.83656	53.27792	57.41568	62.38176	79.27181	99.60307	190.2277	49.53445
0	1961.5	"GR"			19772	235425	.3366883		6.113838	6.319247	6.790928	7.05432	7.310934	7.918519	8.661134	9.692304	11.19636	12.29646	13.76936	19.29296	27.8956	60.82664	11.90699
0	1963.5	"GR"			22250	304437	.3532885		6.381365	7.062858	7.572369	7.866975	8.171556	8.856401	9.729342	10.88462	12.63971	13.91609	15.53813	22.28194	33.12616	75.35332	13.68256
1	1965.5	"GR"			25283	406549	.3752709		7.203611	8.073784	8.704862	9.061388	9.41194	10.22963	11.24323	12.61464	14.57852	15.9604	17.93127	26.21367	39.56306	94.23199	16.07994
1	1967.5	"GR"			33493	564727.8	.3723668		7.23627	8.179239	9.072171	9.446704	9.864202	10.83647	12.03438	13.4412	15.4936	16.898	18.81965	27.32795	40.80794	97.87887	16.86107
2	1969.5	"GR"			40330	721136.1	.3780727		7.064871	8.251061	9.373468	9.89601	10.48212	11.63713	13.01334	14.57373	16.8176	18.49887	20.56533	28.91494	42.46859	102.1909	17.88089
5	1971.5	"GR"			40978	870261.4	.3763438			10.17618	11.38217	12.04647	12.5864	13.87298	15.40322	17.3013	19.88324	21.75501	24.19829	33.85175	48.51991	120.7248	21.23728
6	1973.5	"GR"			49541	1168338	.3977057			10.10795	11.8858	12.77492	13.62626	15.33357	17.1676	19.32553	22.33037	24.38878	27.12753	38.08162	55.03852	134.8503	23.58325
8	1975.5	"GR"			58557	1603446	.4054417			10.35805	13.16003	14.43492	15.70662	18.17605	20.50565	23.27402	26.72912	29.03831	32.15844	43.60039	60.17065	143.7446	27.38266
8	1977.5	"GR"			64595	1804874	.3917306			10.05316	13.16765	14.63465	16.18818	19.23506	22.17794	25.43778	29.46538	32.1161	35.50515	46.94822	62.11518	136.4701	27.94139
8	1979.5	"GR"			69855	1982835	.3995058			7.827545	12.88839	14.58643	16.28083	19.49416	22.57821	26.00294	30.48355	33.10252	36.55985	48.34312	63.45082	136.1893	28.38502
6	1981.5	"GR"			74848	2212347	.4058369			6.591547	12.83483	14.72281	16.60335	20.27792	23.72955	27.41329	32.1813	35.29495	38.86722	51.82253	68.56831	143.5731	29.55786
9	1983.5	"GR"			77786	2460961	.4111926			6.779132	13.68922	15.65641	17.64987	21.54334	25.27305	29.12068	34.11553	37.27654	41.25919	55.26925	73.59102	160.4758	31.63758
11	1985.5	"GR"			81414	2729161	.4105707			7.219056	14.48338	16.54241	18.64013	22.75756	26.6173	31.01917	36.416	40.01974	44.21173	58.74141	78.0141	166.6754	33.522
639	1987.5	"GR"			86967	3025053	.4046749				15.15637	17.11934	19.49978	23.62922	27.72588	32.21481	37.68407	41.21234	45.59457	60.35181	80.18551	171.9473	34.78392
811	1989.5	"GR"			85803	3403431	.3983133			10.07175	17.79452	20.72211	22.87961	27.30429	31.74571	36.6912	42.99339	46.9323	51.69714	68.11873	90.11205	194.4008	39.66564
995	1991.5	"GR"			88156	3879926	.4028536			10.76087	19.86376	22.57043	25.49135	30.35306	35.11308	40.438	47.24806	51.57477	56.85399	75.26145	100.1114		44.01204
1232	1993.5	"GR"			91252	4484885	.3998019			12.30544	21.70752	25.39322	28.15698	33.8532	39.50383	45.85184	53.73488	58.73039	64.78321	86.24673	111.7257		49.14834
5	1977.5	"JU"			22690	610624.6	.3262588	9.305411	11.01871	12.15378	14.40854	15.53969	16.74161	19.20669	21.70945	24.61038	28.01803	30.33931	32.82769	42.11339	53.9267	97.0436	26.91162
3	1979.5	"JU"			23799	642882	.3175062		10.78322	12.12053	14.50446	15.74723	17.18919	19.70733	22.49323	25.68519	29.46175	31.72714	34.45647	43.55512	55.22021	101.1098	27.01298
3	1981.5	"JU"			24685	716139	.3217459	9.273478	11.14857	12.4573	15.17732	16.52837	18.04059	21.12022	24.1471	27.31468	31.49915	34.03104	37.09073	46.97686	59.74482	108.7416	29.0111
3	1983.5	"JU"			25214	759988.6	.3161752	9.214871	11.61877	13.1409	16.12518	17.58881	19.11996	22.09255	25.10719	28.20109	32.39687	35.16243	38.18383	48.40572	61.12221	113.0472	30.14153
6	1985.5	"JU"			26255	836852.6	.3204206	9.01389	12.23201	13.71384	16.78221	18.4207	20.02941	23.09329	26.21209	30.04841	34.41072	37.15028	40.57842	51.51526	65.06773	116.1194	31.87403
86	1987.5	"JU"			28558	951686.7	.321813	10.00401	11.39815	13.52424	17.14931	18.93693	20.72403	24.06213	27.48171	31.40163	36.08953	38.90135	42.35361	53.26403	67.13242	117.783	33.3247
99	1989.5	"JU"			27488	1024822	.3077381		12.65668	16.0574	20.78384	22.38062	24.22351	27.66492	31.49025	35.80713	40.92519	43.92511	47.60602	59.33941	73.95569	130.1648	37.28251
141	1991.5	"JU"			28443	1163299	.3157757		14.31216	17.29458	22.18255	24.4488	26.3397	30.32416	34.26053	38.87961	44.66213	48.16156	52.30655	65.5405	82.09728	146.7764	40.89931
152	1993.5	"JU"			29284	1294197	.3074232		15.98237	18.89299	24.51943	26.6113	28.70487	33.08946	37.7096	42.83962	48.95269	52.78303	57.49786	71.58401	93.13524	149.4095	44.19468
1	1961.5	"LU"			38240	440253	.3215466		6.119181	6.321717	6.786443	7.04706	7.300299	7.89948	8.641014	9.626053	11.00128	11.92947	13.13973	17.76739	24.82936	56.35619	11.51289
1	1963.5	"LU"			41385	532645	.3311737		6.367445	7.054262	7.537775	7.816626	8.114557	8.780327	9.620139	10.75309	12.3494	13.42269	14.79227	19.99898	27.88069	65.53682	12.87048
3	1965.5	"LU"			42665	657116	.3236479	7.124701	7.914385	8.242565	8.845364	9.169477	9.506897	10.28692	11.24524	12.52446	14.31723	15.51313	17.15919	23.62748	33.36396	78.8942	15.40176
3	1967.5	"LU"			56036	899615	.3202939	7.172282	8.072865	8.397133	9.196285	9.54012	10.01911	10.80685	11.83335	13.27238	15.21453	16.46417	18.16002	24.63283	33.91125	79.87469	16.05423
6	1969.5	"LU"			67721	1188370	.3312326	7.248449	8.209781	8.71313	9.737145	10.2853	10.75146	11.79914	13.08485	14.52082	16.6326	18.0948	19.87452	26.80518	36.83417	88.11689	17.54803
7	1971.5	"LU"			68481	1460750	.3308544	9.285503	10.25022	10.79356	12.01932	12.49691	13.1094	14.26836	15.64752	17.46801	19.87832	21.61579	23.8762	32.57749	45.78256	112.1525	21.33073
11	1973.5	"LU"			81579	1912757	.3537491		10.24318	11.16859	12.8185	13.6008	14.37283	15.84875	17.53502	19.51318	22.25916	24.09672	26.51457	35.89344	50.1426	125.5124	23.44669
19	1975.5	"LU"			93972	2575280	.3552393		10.70598	12.13914	14.62113	15.77683	16.88771	19.07048	21.19619	23.63676	26.84872	28.94596	31.76587	41.83861	55.9608	129.4581	27.40476
16	1977.5	"LU"			100981	2890309	.3470216		10.60135	12.14704	15.0363	16.41137	17.75161	20.45677	23.14345	26.05423	29.85543	32.27653	35.43082	46.28312	60.17096	125.5865	28.62231
11	1979.5	"LU"			107494	3145240	.3516229		10.45099	12.11941	15.15573	16.64624	18.16133	21.00752	23.70481	26.77744	30.8867	33.38823	36.68933	47.94225	62.12576	128.6244	29.25967
15	1981.5	"LU"			113338	3510974	.3599195		10.23194	12.14919	15.60963	17.42136	19.162	22.31586	25.33839	28.58714	33.00967	35.90934	39.31696	51.34605	66.30394	137.2849	30.97791
20	1983.5	"LU"			118099	3886927	.362033		11.00358	12.77506	16.55102	18.37736	20.17704	23.53343	26.65156	30.40579	35.0153	37.84899	41.61122	54.31192	70.55675	145.332	32.91245
26	1985.5	"LU"			123626	4364243	.3710016		11.30522	13.38308	17.26367	19.21283	21.13072	24.73096	28.23545	32.36641	37.49752	40.85616	45.0544	59.11428	76.45261	159.3573	35.30198
930	1987.5	"LU"			132599	4870997	.3786872		10.11741	12.69374	17.46876	19.76604	21.59889	25.62288	29.34394	33.54963	38.82076	42.20928	46.4421	60.56325	78.22586	163.0825	36.73479
1130	1989.5	"LU"			135704	5571108	.3684137			15.22025	20.95294	22.99931	25.32474	29.19194	33.24578	37.95723	43.92737	47.66338	52.29945	67.81764	91.9304	181.9192	41.05338
1314	1991.5	"LU"			138482	6262669	.3642624		10.34379	16.48778	22.88292	25.66063	27.86917	32.36184	36.8733	41.99777	48.58224	52.71547	57.789	74.70795	96.29354	194.901	45.2237
1669	1993.5	"LU"			146226	7330731	.3655385			17.83705	25.63079	28.3782	31.15843	36.25774	41.34122	47.01679	54.25814	58.85648	64.6424	83.59131	107.1764		50.13288
0	1961.5	"NE"			41164	459707	.2936067		6.160212	6.396567	6.943326	7.185757	7.435619	8.024335	8.740027	9.628422	10.79173	11.55347	12.52326	16.13251	21.55216	52.47792	11.1677
0	1963.5	"NE"			38739	512126	.3209462		6.628558	7.182147	7.80248	8.137115	8.472902	9.24725	10.15997	11.23972	12.64113	13.54838	14.73658	19.41203	26.79316	67.69389	13.21991
2	1965.5	"NE"			40147	602617	.3243898		7.619984	8.209457	8.905211	9.262288	9.64295	10.4854	11.47784	12.68268	14.23432	15.25839	16.61918	21.98254	30.42141	76.72161	15.01026
1	1967.5	"NE"			49171	802307.1	.329598		7.892242	8.379582	9.302247	9.72601	10.25699	11.30071	12.50344	14.03103	15.7914	17.04896	18.47619	24.18605	33.1754	80.80625	16.31667
1	1969.5	"NE"			54083	989609.8	.3369243		8.135394	8.724549	10.06082	10.5982	11.26247	12.5583	14.14105	15.8617	18.15038	19.50765	21.29525	27.75652	37.77835	89.36723	18.29798
3	1971.5	"NE"			52423	1129143	.3345525		10.07425	10.71897	12.17573	12.79274	13.49841	15.04084	16.71694	18.77125	21.30846	22.78779	24.69325	32.19328	43.85459	106.2428	21.53907
10	1973.5	"NE"			55677	1289269	.336162		10.28369	11.22416	13.00376	13.72478	14.54006	16.21825	18.0083	20.05702	22.67396	24.39277	26.55232	34.71978	47.72769	112.2569	23.15623
11	1975.5	"NE"			60761	1639894	.3327844		10.88119	12.26933	14.70189	15.8529	17.05818	19.24612	21.53195	24.26423	27.51475	29.68935	32.21899	41.28472	54.2336	122.617	26.98925
7	1977.5	"NE"			60528	1748646	.3157185	10.06476	11.34625	12.79092	15.66311	17.12156	18.39349	21.09723	23.74684	26.73271	30.66065	32.85752	35.75614	45.31537	58.18178	119.2414	28.88987
9	1979.5	"NE"			61961	1841174	.33774		10.71099	12.41996	15.55442	17.16491	18.65275	21.61734	24.60312	27.89559	32.0862	34.65583	37.6254	47.48129	61.10945	124.1157	29.71504
11	1981.5	"NE"			63958	2022700	.3401845		10.85442	12.69298	16.25655	18.00402	19.64256	23.07659	26.2206	30.06745	34.64941	37.39441	40.81796	51.46242	65.72318	127.3193	31.62544
10	1983.5	"NE"			65782	2182539	.3426611		11.32445	13.04851	16.84103	18.71609	20.52923	24.08475	27.35609	31.31302	36.12725	39.08019	42.67599	54.41903	69.74902	133.3168	33.17836
12	1985.5	"NE"			69046	2394250	.3556152		11.60334	13.25064	17.08404	19.03732	20.89938	24.66784	28.38701	32.65709	37.83124	41.11226	45.10017	57.86659	74.58842	142.5082	34.67616
393	1987.5	"NE"			73800	2681793	.3569682		10.62109	13.02616	17.60975	20.04594	21.79237	25.89869	30.05531	34.26036	39.6855	43.02702	47.16362	60.49899	77.79134	152.014	36.33865
528	1989.5	"NE"			72920	2994291	.3599746		10.61836	15.10987	20.72776	22.75224	25.16114	29.28728	33.72766	38.78228	45.11563	48.82259	53.35123	68.03021	91.19923	172.3222	41.06269
690	1991.5	"NE"			77385	3495786	.3607033		11.2746	16.31299	22.36762	25.2326	27.35852	32.06887	37.00733	42.5787	49.47939	53.54645	58.48518	75.10838	95.99046	189.4984	45.17395
771	1993.5	"NE"			78124	3856394	.3549638		13.14174	17.90743	25.12942	27.61981	30.4727	35.71201	41.09859	47.29664	54.89524	59.60399	65.3097	83.25678	105.9606	198.7893	49.36248
1	1961.5	"NW"			2336	36107	.5064757		6.12411	6.295518	6.685716	6.909686	7.11883	7.5558	8.113914	8.890894	10.05964	10.84339	12.06864	16.96622	26.30376	141.9019	15.45676
2	1963.5	"NW"			2903	48163	.4791564	6.008535	6.52871	7.066225	7.480984	7.718483	7.98072	8.496171	9.157026	10.09966	11.60068	12.64368	14.08505	20.37787	31.1342	160.3187	16.59077
2	1965.5	"NW"			2953	56091	.4694887		7.695695	8.17075	8.705784	9.011959	9.309755	10.01084	10.88166	12.01243	13.64022	14.86042	16.74991	23.49925	36.5034	138.396	18.99458
3	1967.5	"NW"			4491	80472.9	.4217477		7.675504	8.26053	9.068415	9.400202	9.768325	10.59024	11.49478	12.5829	14.25419	15.40576	17.20505	24.17448	34.68854	104.2873	17.9187
4	1969.5	"NW"			5598	105345.2	.4028142		8.096856	8.581154	9.553686	10.08632	10.50609	11.54383	12.66086	14.00846	15.66854	17.07127	18.56746	25.58539	36.91076	96.89736	18.81837
7	1971.5	"NW"			5927	135339.3	.4040954		10.06528	10.53778	11.62528	12.21016	12.68176	13.83797	15.2711	16.86105	19.27868	20.67463	22.81863	31.54827	44.80026	124.4415	22.83437
8	1973.5	"NW"			7180	176634.1	.3906166		10.30877	11.22075	12.70964	13.43602	14.17033	15.54432	17.17435	18.86472	21.4579	23.12038	25.51558	34.19529	49.13034	138.3278	24.60085
12	1975.5	"NW"			8728	251715.6	.3870321		10.77063	12.15249	14.59025	15.70946	16.78387	18.75628	20.88796	23.4025	26.40519	28.35844	31.0397	40.75043	56.21317	148.5598	28.84001
9	1977.5	"NW"			9843	301057.2	.3750059		10.89434	12.41855	15.21851	16.6768	18.08028	20.48049	23.07038	26.03741	29.79586	31.99672	34.73867	45.01282	60.61523	143.744	30.58592
8	1979.5	"NW"			10736	342270.2	.3752887	7.145352	11.14666	12.62202	15.6394	17.19589	18.68995	21.4728	24.23022	27.2039	31.14833	33.43993	36.46739	47.8457	64.35249	157.1568	31.88061
11	1981.5	"NW"			11864	407321.3	.3931491		11.13715	12.73657	16.10693	17.82296	19.54847	22.77007	25.74063	29.0117	33.28899	36.05741	39.2975	51.59903	70.08653	170.0509	34.33255
12	1983.5	"NW"			12598	463109.8	.3936897		11.69584	13.62132	17.53015	19.34529	20.86459	24.29723	27.29218	31.06483	35.71767	38.42166	42.28374	56.38351	77.1907	185.6187	36.76058
15	1985.5	"NW"			13446	538058.1	.4012917		12.32334	14.33434	18.41777	20.54663	22.48108	26.01192	29.70853	33.55579	38.60732	41.87515	46.05051	61.66787	83.73814	215.0566	40.01622
204	1987.5	"NW"			14554	627415.2	.4092159		11.78415	15.15535	19.48582	21.54782	23.67279	27.40293	31.27643	35.63629	41.03181	44.28704	48.68291	65.21014	98.16552		43.10947
252	1989.5	"NW"			14786	726100.1	.4161684		13.27015	17.09096	22.35328	24.74626	26.70427	30.8966	35.12211	40.1095	45.92644	49.70907	54.74117	72.89076	100.2701		49.10727
314	1991.5	"NW"			15682	842492	.4146471		15.21691	18.64026	24.57288	26.88538	29.31007	33.78649	38.42598	43.80807	50.61077	55.0446	60.61765	81.48941	110.3814		53.7235
371	1993.5	"NW"			16334	992589.2	.4116942		16.7991	20.84797	27.49464	30.60121	33.2392	38.53696	43.93493	50.39978	57.81276	63.00182	69.38876	92.61072	125.5615		60.76829
0	1961.5	"OW"			1844	20475	.2849994	6.02282	6.163276	6.35238	6.784666	7.031059	7.284092	7.882835	8.571052	9.558704	11.05435	12.04403	13.26106	17.84879	24.10842	44.1446	11.10358
0	1963.5	"OW"			1870	24359	.3145749	6.096692	6.591782	7.078665	7.50851	7.755012	8.027981	8.684011	9.577658	10.7213	12.56479	13.86097	15.6237	21.43987	28.91332	50.90612	13.0262
1	1965.5	"OW"			2439	36552	.3318002	7.085664	7.631076	8.114112	8.615752	8.903656	9.179299	9.781427	10.63955	11.78954	13.50292	15.00275	16.77435	23.54615	33.13377	65.93751	14.98647
1	1967.5	"OW"			3423	53209.2	.3321297		8.010875	8.283293	9.007125	9.285441	9.592484	10.39643	11.34118	12.5196	14.29032	15.54694	17.51254	24.65528	32.78712	70.35532	15.54461
1	1969.5	"OW"			4575	74819	.3318355	7.09118	8.098045	8.485057	9.352825	9.731759	10.2156	11.12658	12.0525	13.22709	15.04158	16.17326	17.71755	25.01273	34.70252	70.38337	16.35388
2	1971.5	"OW"			4649	96726.9	.3595364	9.075331	10.06002	10.45295	11.37848	11.80974	12.33344	13.38189	14.52796	16.07178	18.30684	19.7364	21.81618	30.81725	41.34661	101.158	20.80596
2	1973.5	"OW"			5559	128377.2	.3515867	9.165621	10.50221	11.38463	12.72065	13.41879	14.13277	15.39262	16.74442	18.43638	20.75991	22.42562	24.50554	33.7345	48.32513	109.2588	23.09358
4	1975.5	"OW"			7237	194716.1	.3524132	10.06724	11.11345	12.25207	14.36669	15.37164	16.32609	18.19652	20.11579	22.31229	25.35131	27.20033	29.64785	40.0853	55.85138	115.5683	26.90564
2	1977.5	"OW"			8236	223586.8	.3357265	10.01458	11.05843	12.18937	14.40979	15.55057	16.76097	19.12955	21.28939	23.75897	26.95197	29.05215	31.80099	42.18893	56.25004	108.1088	27.1475
4	1979.5	"OW"			9331	262172.6	.3722277		10.08287	11.40519	14.01044	15.36834	16.72906	19.49733	22.13951	24.77696	28.23202	30.61527	33.40802	44.02602	59.02517	116.5911	28.09694
3	1981.5	"OW"			10028	294453.5	.3744131		10.07772	11.46235	14.37877	15.76368	17.23573	20.2046	23.06353	26.04362	29.8556	32.2729	35.41589	46.67855	61.72318	132.3572	29.36313
3	1983.5	"OW"			10787	337217.5	.3873005		8.722086	12.02096	15.00612	16.48386	18.14605	21.30901	24.48412	27.54168	31.58783	34.06682	37.35143	49.12019	64.32293	134.5088	31.26147
1	1985.5	"OW"			11304	372750.9	.3802093		7.653799	12.55163	15.80059	17.54454	19.22577	22.77724	26.09819	29.69443	34.0749	36.89996	40.49379	53.34199	70.23345	144.0716	32.97513
66	1987.5	"OW"			12523	426760.1	.375185			11.94418	16.36949	18.19229	20.27616	23.5439	27.03772	30.93139	35.54669	38.27954	41.83096	55.08344	72.44894	146.8574	34.0781
84	1989.5	"OW"			12542	492878.7	.3664783		10.09863	15.02376	20.51118	22.22787	24.22224	27.64802	31.31899	35.37533	40.51161	43.60423	47.71629	61.99226	81.36061	163.1339	39.29825
111	1991.5	"OW"			13008	571414.2	.3670635		10.23205	16.09955	22.39689	25.22147	27.25119	31.44727	35.42353	39.55998	45.09576	48.54074	53.0356	69.30877	91.04852	185.1381	43.92791
141	1993.5	"OW"			13501	670366.5	.3760356		10.94914	17.54465	25.20981	27.69261	30.45585	35.15763	39.56427	44.5596	50.87824	54.76034	60.32247	78.7021	100.6272		49.6531
5	1961.5	"SG"			62411	711622	.3262352		6.130889	6.31395	6.731886	6.97251	7.189542	7.685313	8.309552	9.140345	10.37743	11.2338	12.36411	16.78422	23.88393	59.71132	11.40219
5	1963.5	"SG"			72359	897978	.3189824		6.438437	7.041641	7.482852	7.736227	8.013524	8.550609	9.227857	10.11698	11.4047	12.32401	13.53086	18.47798	26.19515	63.80502	12.41004
6	1965.5	"SG"			73274	1075904	.3403172		7.50851	8.11955	8.658485	8.968815	9.248702	9.890487	10.65571	11.65795	13.09782	14.13749	15.54268	21.46668	31.84415	81.99216	14.6833
7	1967.5	"SG"			90199	1430873	.3324042	7.000803	8.033978	8.348429	9.138428	9.469423	9.836534	10.67801	11.64495	12.84369	14.50318	15.64018	17.22962	23.43591	33.21646	86.72575	15.86352
6	1969.5	"SG"			109556	1872082	.3338133		8.138454	8.606054	9.625623	10.17702	10.61282	11.64003	12.79767	14.25079	16.10744	17.3466	19.06971	25.60721	35.58381	89.46229	17.0879
11	1971.5	"SG"			109041	2249347	.330521		10.10922	10.63097	11.78889	12.39466	13.03087	14.21049	15.54032	17.25935	19.46408	21.0182	22.88583	30.65054	42.48936	107.42	20.62845
19	1973.5	"SG"			125759	2917095	.3360459	9.217997	10.43039	11.31912	12.89502	13.66257	14.43001	15.88109	17.52766	19.42707	21.86174	23.55814	25.76983	33.98127	47.42448	119.8666	23.19592
16	1975.5	"SG"			139177	3783128	.3298073	9.736831	11.21945	12.49493	15.02413	16.13557	17.23569	19.32998	21.44196	23.85873	26.98234	29.00252	31.66528	41.25022	55.11306	129.1726	27.18213
16	1977.5	"SG"			145699	4248656	.3265646	10.04589	11.4334	12.82083	15.56328	17.00221	18.32225	20.89294	23.59011	26.45475	30.21774	32.45238	35.47877	45.72669	59.3078	127.2779	29.1605
20	1979.5	"SG"			152033	4603662	.3316885		11.36906	13.09351	16.08533	17.51355	19.05895	21.80344	24.69063	27.73483	31.77167	34.293	37.37087	48.04156	62.36222	128.2141	30.28067
20	1981.5	"SG"			160732	5135995	.3441202		11.14144	13.11397	16.49544	18.18121	19.79128	23.09572	26.11731	29.61064	34.01854	36.82326	40.31462	51.63726	66.71608	138.3154	31.95378
30	1983.5	"SG"			168963	5686773	.3520621		11.40577	13.39759	17.14834	18.86422	20.65545	24.16912	27.30317	31.10793	35.66837	38.48866	42.14893	54.54482	70.97804	149.3166	33.65691
37	1985.5	"SG"			177930	6436710	.3583198		12.12213	14.16937	18.06693	19.88992	21.73791	25.41615	29.05771	33.19699	38.26608	41.51049	45.55781	59.24415	77.07387	159.7655	36.17552
1301	1987.5	"SG"			190050	7207255	.3517242		11.36251	14.6847	19.03859	21.09917	22.97912	26.86998	30.87631	35.16235	40.25989	43.34878	47.39143	61.10933	78.92093	165.8669	37.92294
1731	1989.5	"SG"			191613	8203768	.3485453		12.51773	16.78082	22.13266	24.42313	26.43425	30.63329	34.81395	39.54341	45.36221	48.8482	53.28194	68.38676	95.44622	189.3567	42.81425
2116	1991.5	"SG"			198619	9297094	.3533256		13.82441	18.08124	24.11708	26.49012	28.75672	33.16611	37.79292	43.01734	49.49864	53.42892	58.28982	75.04811	97.05931		46.80869
2440	1993.5	"SG"			202289	1.04e+07	.3500575		15.86853	20.14429	26.69053	29.47244	31.94841	36.95028	42.11145	47.90966	55.13669	59.56817	65.07033	83.44472	106.9841		51.5882
1	1961.5	"SH"			15357	182400	.3252194		6.154191	6.40446	6.98546	7.246827	7.533062	8.189432	8.966992	9.966235	11.28493	12.12413	13.21892	17.55879	24.08136	55.70479	11.87732
1	1963.5	"SH"			17232	230215	.332952		6.650017	7.173769	7.745569	8.066084	8.37928	9.110504	9.96844	11.04478	12.52762	13.51673	14.81636	19.74813	27.88733	66.4848	13.35974
0	1965.5	"SH"			17432	271187	.3419522		7.745853	8.236341	8.92123	9.262485	9.625615	10.4412	11.39596	12.58299	14.25364	15.39712	16.86667	23.05288	32.79757	82.45416	15.55685
0	1967.5	"SH"			20949	349693	.3332934		8.082988	8.54579	9.518781	10.05338	10.44364	11.42141	12.5222	13.89314	15.72401	17.05409	18.69941	24.84932	34.52242	85.60636	16.69259
1	1969.5	"SH"			24075	430404.4	.3268908		8.238797	9.021022	10.20191	10.70418	11.30597	12.45385	13.72674	15.39958	17.48218	18.83544	20.59302	27.31829	37.26595	86.00365	17.87765
1	1971.5	"SH"			23662	516899.5	.3152928		10.35731	11.25278	12.72175	13.41761	14.11921	15.48862	17.11295	19.00951	21.47141	23.09674	25.14015	32.93415	44.82568	102.4169	21.84513
1	1973.5	"SH"			23301	610356	.3378903	9.000042	10.78418	12.19517	14.48296	15.48909	16.43132	18.24602	20.18788	22.44754	25.52418	27.51189	30.25448	40.65551	55.57797	133.292	26.19441
2	1975.5	"SH"			25878	783944.8	.3268775	9.327542	11.53945	13.32876	16.58212	18.12427	19.40751	21.89569	24.46922	27.2813	31.12644	33.46827	36.59201	47.43579	62.90646	136.7221	30.29387
0	1977.5	"SH"			27166	857633.5	.3247283		11.27908	13.1853	16.68599	18.50096	20.27526	23.4742	26.49346	30.1414	34.25159	36.91574	40.25086	51.20455	65.90912	125.3906	31.57011
0	1979.5	"SH"			28246	924970.2	.3250301		11.39779	13.31254	17.07158	19.00729	20.79513	24.33369	27.52983	31.39325	35.95369	38.63219	42.03806	53.35079	67.52843	127.6568	32.74694
0	1981.5	"SH"			29210	1008641	.3296688		11.44995	13.56216	17.69838	19.66852	21.66892	25.48003	29.13742	33.152	38.14442	41.28484	45.06784	57.32538	72.28911	137.0972	34.53068
2	1983.5	"SH"			30379	1094387	.3302417		12.2915	14.39334	18.49409	20.52456	22.5694	26.29861	30.28141	34.22828	39.36055	42.55149	46.52914	60.04745	76.08012	141.6645	36.02444
1	1985.5	"SH"			31519	1203940	.3332653	8.841165	12.8488	15.13902	19.33751	21.42827	23.48467	27.38454	31.66323	36.30429	41.89726	45.50414	49.64326	64.14271	81.57272	151.3224	38.19728
186	1987.5	"SH"			33023	1311180	.3290271		12.39086	15.65432	20.3862	22.38708	24.74373	28.80238	33.04953	37.78284	43.48582	47.01146	51.34783	65.61558	83.07107	156.8432	39.70504
227	1989.5	"SH"			33708	1492274	.328556		14.23218	17.64093	23.06362	25.6071	27.72571	32.17662	36.77202	42.05516	48.66261	52.64691	57.45317	72.99401	91.87828	171.776	44.27063
285	1991.5	"SH"			34347	1646530	.3267649		15.60676	19.23557	25.46522	27.82526	30.47704	35.27644	40.1136	45.60875	52.56134	56.77399	61.97667	79.14272	99.01424	185.7696	47.93811
364	1993.5	"SH"			35067	1869222	.3232488		17.23161	21.56107	28.43338	31.40361	34.18884	39.56458	45.04514	51.02783	58.58482	63.22499	68.93471	92.73396	109.4782		53.30429
0	1961.5	"SO"			39062	460748	.3210598		6.143731	6.373378	6.903811	7.188526	7.493332	8.1948	9.023299	10.06027	11.35449	12.20509	13.29179	17.58606	24.21576	60.43683	11.7953
0	1963.5	"SO"			42252	569190	.3323629		6.563035	7.15435	7.761596	8.099384	8.437982	9.228551	10.18791	11.36445	12.87895	13.87959	15.14658	20.21334	28.38747	72.43597	13.47132
1	1965.5	"SO"			41751	648007	.3443332		7.564232	8.195142	8.883452	9.237036	9.608401	10.47711	11.54573	12.84953	14.6212	15.76505	17.20784	23.17532	32.85423	85.37606	15.52075
5	1967.5	"SO"			53138	894167.7	.3277316	7.240639	8.118624	8.509374	9.419637	9.847836	10.3493	11.34643	12.49875	14.03963	16.01155	17.24975	18.80655	24.82123	34.0141	87.81158	16.82727
7	1969.5	"SO"			60706	1119484	.3322476	7.380269	8.313233	9.029994	10.19767	10.71482	11.32285	12.49538	13.81611	15.544	17.7497	19.24044	21.06534	27.54776	36.82446	92.425	18.44108
7	1971.5	"SO"			60668	1332187	.3229359	9.34175	10.33553	11.09266	12.38922	13.08908	13.67767	15.12393	16.6566	18.63441	21.2426	22.76597	24.79049	32.33356	43.41743	108.4966	21.95865
14	1973.5	"SO"			68285	1671317	.3491729		10.37116	11.4502	13.36805	14.26358	15.13651	16.75071	18.62715	20.84875	23.76543	25.6922	28.02559	36.99534	50.21328	124.8432	24.47561
18	1975.5	"SO"			77597	2173643	.357242		10.20829	11.73534	14.78798	16.24478	17.54735	20.07048	22.46675	25.31048	28.79978	31.15688	33.93625	43.80794	57.82938	130.9825	28.01195
16	1977.5	"SO"			80418	2376898	.3495077		10.21965	11.86888	15.30189	17.00385	18.50248	21.57641	24.50535	27.64495	31.76092	34.2807	37.32796	47.72044	61.01961	124.9409	29.55679
11	1979.5	"SO"			83901	2569772	.3477014		10.38629	12.20713	15.58583	17.35914	19.10654	22.35936	25.52639	28.96889	33.25588	35.99023	39.16155	50.16912	63.63994	127.1466	30.62862
15	1981.5	"SO"			88140	2885698	.3525658		10.47992	12.45555	16.25314	18.1832	20.13069	23.75574	27.152	31.20893	36.06091	38.89783	42.47517	54.31742	69.21288	136.1225	32.73993
16	1983.5	"SO"			92089	3143355	.3547845		11.12931	13.05166	16.87177	18.86213	20.83459	24.70783	28.20845	32.27408	37.22357	40.42004	44.12116	56.93558	72.8603	142.0739	34.13388
16	1985.5	"SO"			96501	3506371	.3571452		11.66009	13.75761	17.78599	19.81821	21.87771	25.94153	30.1789	34.39974	39.74561	43.1418	47.31031	61.16712	77.85621	147.3379	36.33507
616	1987.5	"SO"			105644	3991612	.3506856		10.911	14.08278	18.6914	20.94464	22.97585	27.14342	31.354	35.87585	41.30833	44.67635	48.87717	62.58658	79.45573	157.0653	37.78361
793	1989.5	"SO"			104572	4377786	.3564201		10.18935	15.4377	21.25637	23.62714	26.01278	30.55556	35.09694	40.05708	46.24348	50.1864	54.6501	69.43369	92.89925	175.7563	41.86384
1012	1991.5	"SO"			108793	4990200	.357023		10.48507	16.51698	23.18381	26.06139	28.52858	33.39785	38.18783	43.57071	50.49826	54.75615	59.86604	76.26037	96.42268	193.1443	45.86876
1063	1993.5	"SO"			110559	5600442	.3496609			18.28795	26.25205	29.42913	32.2463	37.65966	42.99813	48.97035	56.60157	61.38306	67.00726	84.79889	106.2832	196.7048	50.65569
0	1961.5	"SZ"			10106	106946	.3002294		6.097816	6.255118	6.611985	6.816091	7.036969	7.510238	8.103948	8.850103	9.951423	10.70972	11.76064	15.69585	21.59673	48.50098	10.58243
0	1963.5	"SZ"			11591	138150	.3028082		6.392938	7.02348	7.409935	7.630636	7.873844	8.428055	9.122643	10.02104	11.32534	12.19736	13.37968	18.12669	24.88068	55.02337	11.91873
1	1965.5	"SZ"			13223	186905	.3111307		7.637395	8.134669	8.627794	8.910563	9.187438	9.802869	10.5765	11.59382	12.96034	13.92807	15.34117	20.90291	30.07653	68.14285	14.13484
1	1967.5	"SZ"			17293	257491	.3071477		8.000829	8.283547	9.026338	9.313358	9.630289	10.42238	11.33454	12.46495	14.06617	15.12985	16.57403	22.09944	30.67103	67.82587	14.8899
2	1969.5	"SZ"			20975	341741.7	.3222156		8.012464	8.461974	9.45726	10.01176	10.43619	11.44777	12.54822	13.87034	15.72781	17.05599	18.6001	24.6489	33.79885	73.25437	16.29281
3	1971.5	"SZ"			20064	407394.7	.3309194		9.744328	10.45922	11.61584	12.23653	12.76831	14.07306	15.39286	17.09666	19.30042	20.82864	22.78616	30.32958	41.68893	98.33829	20.30476
3	1973.5	"SZ"			25179	581998	.3393939		10.31424	11.26873	13.03868	13.69496	14.44689	16.00294	17.56831	19.54053	22.15114	23.75802	26.04701	34.47499	47.53966	116.0792	23.11442
6	1975.5	"SZ"			29563	789273.4	.3334252		10.7719	12.16945	14.6564	15.82144	17.00057	19.196	21.38306	23.80635	26.9094	28.97644	31.60177	40.74846	53.74919	116.4119	26.69801
10	1977.5	"SZ"			31412	913164.9	.3460255		10.87331	12.32308	15.16745	16.55099	17.87177	20.59203	23.29405	26.04251	29.54312	31.89291	34.83101	45.141	58.92503	117.1647	29.07057
10	1979.5	"SZ"			34328	1016731	.3465553		10.70716	12.31199	15.28244	16.76429	18.28456	21.1697	23.85535	26.82038	30.67215	33.0414	36.2296	47.06173	61.08046	123.9742	29.61813
11	1981.5	"SZ"			37227	1177397	.3520541		10.82704	12.60364	16.17123	17.80316	19.42463	22.43841	25.46185	28.67176	32.98009	35.79674	39.06168	51.06503	67.03266	135.0269	31.62751
17	1983.5	"SZ"			38968	1324215	.3758701		11.06192	12.80274	16.54843	18.44084	20.23234	23.55821	26.74544	30.52385	35.11492	37.8783	41.56279	54.42447	73.00804	154.2594	33.98211
24	1985.5	"SZ"			41405	1531004	.3853828		11.53834	13.50894	17.53703	19.4708	21.41736	25.22298	28.72844	32.84441	37.93627	41.19315	45.20649	59.50696	78.88722	169.8092	36.9763
375	1987.5	"SZ"			46525	1796568	.3843656		10.83415	13.32994	17.95964	20.34468	22.13466	26.14434	30.14954	34.16198	39.45337	42.74955	46.92952	61.52399	81.92017	178.0312	38.61511
499	1989.5	"SZ"			46897	2080431	.3776904		11.79342	16.37415	21.82034	24.07305	26.18703	30.41525	34.39935	39.17503	45.29616	49.06894	54.01797	71.02605	95.79836		44.36172
661	1991.5	"SZ"			48373	2394486	.382044		13.25882	17.91262	24.32783	26.69613	29.04434	33.53613	38.12572	43.46036	50.1629	54.37623	59.78048	78.90387	106.0043		49.50045
848	1993.5	"SZ"			50955	2828437	.3785197		15.5408	20.23085	27.31022	30.41061	32.91998	38.12823	43.38235	49.3777	56.89259	61.57423	67.45638	93.69131	117.9281		55.50852
1	1961.5	"TG"			38387	393851	.286374		6.09143	6.261	6.646922	6.868382	7.085297	7.516317	8.057164	8.740092	9.729755	10.4246	11.34967	14.97643	20.14786	45.84702	10.26001
1	1963.5	"TG"			41536	488106	.2963991		6.399376	7.028691	7.436617	7.670093	7.927794	8.4633	9.114756	9.889889	11.02197	11.81753	12.85809	17.02739	23.58523	55.99146	11.7514
3	1965.5	"TG"			41558	574110	.3166896		7.372312	8.098136	8.637207	8.947658	9.235825	9.88919	10.63519	11.56878	12.84447	13.73036	14.93749	20.02625	28.17575	68.35944	13.81467
1	1967.5	"TG"			52272	770909.6	.3090582		7.632013	8.270438	9.10799	9.437957	9.803928	10.61921	11.55335	12.6513	14.15311	15.11801	16.38378	21.53657	29.31502	71.1012	14.74804
4	1969.5	"TG"			60306	980677.7	.3246797		8.006182	8.472244	9.530769	10.1083	10.5435	11.55136	12.67323	14.10776	15.72861	16.86749	18.39929	24.02672	32.45091	77.57742	16.26169
3	1971.5	"TG"			59774	1173135	.3165464		9.815152	10.571	11.81717	12.4397	13.08728	14.26435	15.55562	17.18781	19.3048	20.66953	22.4493	29.12333	38.95201	91.45098	19.62617
10	1973.5	"TG"			65236	1483628	.3227274		10.3677	11.36942	13.19591	14.0547	14.75099	16.31606	17.85404	19.70941	22.14985	23.59623	25.64569	33.40665	44.88949	109.7033	22.74247
8	1975.5	"TG"			68839	1832490	.3231604		11.00721	12.32962	14.8978	16.15538	17.28605	19.4358	21.61826	24.14745	27.18318	29.20432	31.73113	40.5826	53.16167	117.8572	26.61994
9	1977.5	"TG"			71961	2029222	.3227098		11.04588	12.50916	15.40533	16.73643	18.17292	20.71839	23.39386	26.23112	29.86729	32.14444	35.10271	44.38022	56.99251	114.4361	28.19891
13	1979.5	"TG"			76918	2261715	.3250165		11.12982	12.85463	16.10093	17.51335	18.86297	21.56811	24.35969	27.35638	31.34702	33.77517	36.79132	46.63879	59.16225	115.8178	29.40423
12	1981.5	"TG"			80718	2533473	.3280313		11.2061	13.26014	16.76976	18.48529	20.17159	23.19167	26.0336	29.42288	33.74494	36.48987	39.75932	50.35754	63.88302	125.568	31.38671
15	1983.5	"TG"			83691	2813792	.3276471	10.12181	12.14472	14.09781	17.77238	19.52288	21.24851	24.4821	27.5099	31.2176	35.71384	38.43718	41.93185	53.64063	68.79751	133.7271	33.6212
15	1985.5	"TG"			86407	3098832	.3243439	11.30682	13.16915	15.18283	19.02145	20.68658	22.42064	25.75965	29.21572	33.2451	38.26564	41.44837	45.35893	58.10677	74.35941	140.1035	35.8632
482	1987.5	"TG"			94733	3531346	.3183165	10.43307	12.97787	15.86332	20.10187	21.63145	23.39554	26.9097	30.6589	34.59141	39.6767	42.82004	46.71054	59.51076	75.93826	146.8638	37.27682
685	1989.5	"TG"			96550	4136730	.3161134	10.96083	15.82419	19.25035	23.40689	25.50055	27.14901	30.93404	34.76783	39.37957	45.33931	48.9741	53.43423	68.32214	91.8852	171.5522	42.84546
862	1991.5	"TG"			102212	4746456	.3232386	10.80988	16.38775	20.29307	25.34725	27.29063	29.53321	33.52005	37.77262	42.73099	48.98538	52.94644	57.77818	74.07939	95.1006	185.4152	46.43737
1117	1993.5	"TG"			102966	5313714	.3214359	11.3981	17.82204	21.88657	27.86951	30.55172	32.79507	37.51831	42.44549	48.10952	55.40295	59.72469	65.25221	83.51325	106.7143		51.60649
3	1961.5	"TI"			34951	417023	.356495		6.029883	6.249236	6.755107	7.039786	7.302979	7.927132	8.674418	9.694222	11.08609	12.16971	13.51335	19.12564	26.95592	58.13601	11.93165
2	1963.5	"TI"			35658	502551	.3940891			6.803071	7.498457	7.815066	8.146837	8.880991	9.80879	11.03951	12.84927	14.11134	15.82119	23.18413	33.97911	76.60642	14.09364
4	1965.5	"TI"			36506	561964	.4054011			7.220777	8.439052	8.808538	9.193042	10.04787	11.06584	12.43059	14.41614	15.87745	17.72749	25.74044	37.17622	84.07775	15.39374
6	1967.5	"TI"			47286	772938.7	.4065569			7.498325	8.627254	9.125989	9.524665	10.51465	11.6903	13.23357	15.3118	16.76848	18.72177	26.85996	38.67378	91.40194	16.34604
10	1969.5	"TI"			58962	1010345	.4265696			6.749711	8.702681	9.287527	9.791225	11.05493	12.35991	14.08089	16.27459	17.76985	20.01145	28.63216	41.3815	102.38	17.13553
11	1971.5	"TI"			62494	1375568	.4095005			10.03036	11.15847	11.70657	12.3713	13.73121	15.3953	17.37674	20.1698	22.10735	24.66701	35.45335	52.31697	131.6613	22.0112
16	1973.5	"TI"			75965	1789824	.438209			9.048854	11.34646	12.20831	13.04171	14.64629	16.54137	18.79472	21.86552	24.06964	26.83486	38.85305	57.7514	152.3675	23.56116
19	1975.5	"TI"			88548	2336805	.4253088			9.128116	12.42764	13.66569	14.87275	17.2348	19.56983	22.39083	26.01096	28.33732	31.56002	44.0147	62.78946	155.2141	26.39026
11	1977.5	"TI"			97206	2713116	.4189868			7.829222	12.79114	14.38176	15.80482	18.66059	21.53841	24.78023	28.78814	31.54257	35.09474	47.52723	65.55697	152.0455	27.91099
14	1979.5	"TI"			103434	3011783	.4112641			9.700075	13.29298	15.01271	16.54125	19.67655	22.76284	26.15434	30.48828	33.18451	36.79742	49.67565	68.01371	153.8029	29.11792
15	1981.5	"TI"			108849	3370174	.4130094			10.09097	13.65851	15.5225	17.37395	20.79558	24.32534	27.93273	32.60284	35.65415	39.40804	53.64312	73.33375	159.3578	30.96192
13	1983.5	"TI"			114346	3705370	.4122685			10.51334	14.52631	16.40877	18.23601	21.63656	25.2287	28.99072	33.91396	37.11618	41.18506	55.95814	77.2556	171.8874	32.40489
22	1985.5	"TI"			122087	4241149	.4155639			11.28823	15.32328	17.31409	19.21071	23.03952	26.74187	31.19258	36.62687	40.18587	44.41415	60.37992	83.35711	180.7372	34.73874
1326	1987.5	"TI"			132919	4881607	.4173082			10.65582	15.80329	17.80769	20.20195	24.01722	28.14295	32.73781	38.39964	42.01794	46.57692	63.25414	94.97569	199.649	36.72618
1631	1989.5	"TI"			131340	5427888	.4154593			11.30115	18.66258	21.15735	23.20833	27.42787	31.80902	36.71935	42.86376	46.81722	51.77895	70.27802	97.72826		41.327
1889	1991.5	"TI"			135566	6051081	.4153762			11.83583	20.22298	22.58712	25.33168	30.04835	34.51755	39.88599	46.63388	51.01506	56.51275	76.55139	105.5		44.63568
2124	1993.5	"TI"			139841	6812771	.4076462			14.27963	21.83921	25.2926	27.81855	33.08192	38.36674	44.40072	51.90702	56.72692	62.78009	84.2532	113.6899		48.71798
1	1961.5	"UR"			4562	48587	.3139265		6.094165	6.236382	6.557791	6.740877	6.942255	7.378714	7.924006	8.6331	9.662262	10.36179	11.26138	14.23017	19.73093	51.62239	10.65037
1	1963.5	"UR"			4561	57401	.3464011		6.333572	6.921995	7.35071	7.562717	7.796124	8.319058	8.963552	9.859419	11.20687	12.03663	13.16867	17.50659	25.65832	59.0003	12.58518
2	1965.5	"UR"			4456	74921	.4250211		7.563408	8.101608	8.556621	8.816689	9.096443	9.723799	10.4716	11.50083	13.08686	14.04713	15.40708	20.60743	29.70861	74.4899	16.81351
1	1967.5	"UR"			6282	92355.5	.3273708		7.571435	8.176304	8.758027	9.148553	9.432281	10.17152	10.9	12.03991	13.53042	14.58124	15.83526	20.56886	28.26929	72.49738	14.70161
1	1969.5	"UR"			7719	119417.9	.3178288		7.895309	8.391606	9.304975	9.702465	10.18929	11.08298	12.05688	13.18204	14.73388	15.82695	17.3523	21.88472	28.49988	70.40427	15.47064
5	1971.5	"UR"			7643	152912.2	.3576612		10.00618	10.40857	11.33159	11.73707	12.24362	13.21304	14.31234	15.73997	17.65969	19.08044	20.72907	26.47424	34.1151	81.21745	20.00683
5	1973.5	"UR"			9252	217770.2	.3850859		10.27061	11.09423	12.47084	13.17462	13.72447	15.0855	16.42208	18.12393	20.49795	22.14397	24.071	30.51235	40.01473	99.36623	23.53764
4	1975.5	"UR"			10405	297850.4	.3795773	10.08487	11.24641	12.53248	14.7736	15.7978	16.77343	18.63536	20.5216	22.75014	25.64544	27.50299	30.05376	37.78391	48.25849	116.451	28.6257
2	1977.5	"UR"			11311	331045.2	.3363762	10.10795	11.32812	12.81063	15.66991	17.06969	18.31081	20.82339	23.2444	25.83784	29.28802	31.41576	33.90662	42.64805	53.20859	109.7153	29.26754
3	1979.5	"UR"			11682	352273.4	.3368786	10.20663	11.45568	13.06434	16.15024	17.47305	18.82154	21.43958	24.02353	26.62476	30.2975	32.44249	35.35042	43.88947	55.35011	107.5295	30.15523
3	1981.5	"UR"			12364	374448.8	.3595582		10.2535	12.19543	15.7427	17.50067	19.13557	22.0107	24.696	27.55624	31.40356	33.78654	36.82126	46.50629	57.56757	109.7798	30.28541
3	1983.5	"UR"			12788	405783.9	.3658202		10.47127	12.63447	16.29457	18.05263	19.76005	23.00665	25.85379	28.85835	32.71738	35.28417	38.34954	48.47117	60.14489	121.9374	31.73162
4	1985.5	"UR"			13294	445875.6	.3593462		11.20854	13.39638	17.25225	19.17001	21.00495	24.41711	27.55478	31.25982	35.53025	38.1146	41.53974	52.2866	64.54684	123.0727	33.53961
55	1987.5	"UR"			14285	519711.4	.3927955		10.00441	12.95582	17.66475	20.00049	21.51361	25.26147	28.47156	32.08961	36.36082	38.91381	42.27834	52.68318	64.83649	123.3472	36.38162
70	1989.5	"UR"			14127	563205.2	.3775384		10.10514	15.48926	20.73415	22.59944	24.77942	28.17264	31.71021	35.56322	40.2583	43.12611	46.83413	57.91397	72.17014	142.0245	39.86729
87	1991.5	"UR"			14458	692869.3	.4352118		10.24397	16.49823	22.12486	24.56411	26.63106	30.85822	34.76722	38.83972	43.98455	47.31496	51.34467	63.71149	78.88802	155.2819	47.9229
99	1993.5	"UR"			14831	759412.3	.398763		11.35162	18.5748	25.48785	27.89378	30.55554	35.32481	39.73154	44.43654	50.46479	53.86248	58.26434	72.24879	96.32249	169.0772	51.20439
4	1961.5	"VD"			98023	1187690	.3386908		6.139205	6.372284	6.91113	7.179325	7.456935	8.108213	8.899276	9.955105	11.36481	12.32598	13.60552	18.69995	26.42409	61.82228	12.11644
7	1963.5	"VD"			102936	1498546	.374386		6.508907	7.148111	7.759386	8.099064	8.438129	9.236485	10.22735	11.51632	13.32681	14.55706	16.2165	23.02276	33.93813	81.60384	14.55804
11	1965.5	"VD"			102821	1709790	.3729029		7.596816	8.206949	8.918107	9.283981	9.677867	10.57318	11.67762	13.12125	15.13835	16.47484	18.29466	26.00286	38.24674	92.10209	16.6288
9	1967.5	"VD"			127516	2252586	.3613906		8.05065	8.439364	9.360324	9.786912	10.31199	11.35714	12.58428	14.23391	16.41313	17.8701	19.82737	27.77903	40.06636	96.17765	17.66512
12	1969.5	"VD"			147475	2841869	.365963		8.166358	8.776419	10.07192	10.58614	11.2277	12.46963	13.8962	15.73718	18.25945	19.86293	22.10083	30.53537	43.47868	102.8183	19.27018
25	1971.5	"VD"			148470	3393543	.3602466		10.14869	10.80545	12.21362	12.82165	13.51665	15.00462	16.58978	18.6644	21.5203	23.43865	25.97928	35.97631	51.3998	122.4226	22.85676
33	1973.5	"VD"			167186	4221416	.3666857		10.39332	11.40794	13.21081	14.0564	14.78356	16.45958	18.33708	20.61012	23.74722	25.95773	28.74221	39.79412	56.99609	136.7151	25.24982
41	1975.5	"VD"			190217	5545409	.3609877		11.02494	12.43953	15.15063	16.30928	17.43834	19.6655	22.12207	25.09142	28.80446	31.39016	34.57782	46.71178	64.75828	146.499	29.15307
30	1977.5	"VD"			200017	6212878	.3554978		11.08741	12.68884	15.79787	17.28815	18.67021	21.43002	24.31776	27.51582	31.89454	34.70683	38.23834	50.73116	68.63384	146.2808	31.06175
36	1979.5	"VD"			213462	6875750	.3596674		11.09092	12.84105	16.27586	17.77595	19.27424	22.14423	25.16381	28.5534	33.22816	36.28426	40.05979	53.05606	71.56296	149.1984	32.21065
55	1981.5	"VD"			225443	7764410	.3723938		10.85259	13.04306	16.76434	18.55662	20.26642	23.45925	26.66181	30.6641	35.77103	38.98608	43.04503	57.46257	77.58466	161.5371	34.44068
75	1983.5	"VD"			237231	8896070	.3787436		11.53812	13.79622	18.10721	20.0266	21.73482	25.25835	28.68217	32.91078	38.36082	41.95927	46.52427	62.86845	85.57344	179.7812	37.49961
92	1985.5	"VD"			248206	1.00e+07	.3860699		12.08212	14.43052	19.09997	21.16378	23.11754	26.77707	30.93799	35.60115	41.69641	45.74996	50.75167	68.69308	92.70158	194.4462	40.44224
2695	1987.5	"VD"			261297	1.10e+07	.3857215		11.29857	15.06542	20.01338	21.87621	24.05976	27.98012	32.15944	37.01535	43.30096	47.40151	52.5809	71.30465	96.21021		42.21931
3411	1989.5	"VD"			260318	1.24e+07	.3769691		13.34587	17.44605	22.89355	25.37447	27.28771	31.56967	36.12928	41.56399	48.68519	53.26011	59.02855	79.45961	107.4315		47.5722
4228	1991.5	"VD"			270048	1.41e+07	.3787466		15.14404	19.09565	25.29276	27.54352	30.18712	34.72449	39.76007	45.85872	53.69184	58.87523	65.38354	88.03814	118.1103		52.32741
4605	1993.5	"VD"			269728	1.52e+07	.3688555		16.44776	20.72009	27.30072	30.2816	32.72108	38.07181	43.78144	50.61901	59.14734	64.5867	71.61629	95.99093	126.9272		56.38899
0	1961.5	"VS"			25985	280273	.2801538	6.008147	6.149806	6.340584	6.776926	7.023171	7.248444	7.778225	8.418814	9.2479	10.42272	11.23787	12.33259	16.69962	22.60091	47.29696	10.78595
2	1963.5	"VS"			28262	345448	.2984157		6.523424	7.092381	7.548407	7.810601	8.086336	8.670913	9.402787	10.35114	11.70541	12.63251	13.87365	18.70568	25.48774	50.85419	12.22306
1	1965.5	"VS"			30255	437755	.3205854		7.442612	8.123302	8.684348	9.007239	9.330322	10.0829	10.94009	12.11166	13.75464	14.91443	16.49203	22.71105	31.65994	68.37531	14.46885
2	1967.5	"VS"			38929	573871.1	.3096271		7.502558	8.20904	8.88273	9.30222	9.652556	10.4913	11.47214	12.6785	14.38847	15.51881	17.08159	22.7019	30.83317	66.49042	14.74148
1	1969.5	"VS"			50326	783654.5	.3184018		7.262937	8.272275	9.263491	9.695459	10.23111	11.24706	12.38455	13.74289	15.60685	16.80884	18.43455	24.13138	32.47484	70.31454	15.57156
1	1971.5	"VS"			51481	982720.1	.3124332		9.328077	10.34947	11.46384	12.08129	12.56886	13.7441	15.17434	16.77933	19.11415	20.51906	22.37203	29.26711	39.24844	87.23172	19.08899
2	1973.5	"VS"			62564	1258179	.3286849			10.24969	11.89171	12.64215	13.39476	14.83762	16.40624	18.22122	20.48009	22.03781	23.86684	31.27299	41.77843	93.74491	20.11028
3	1975.5	"VS"			74969	1798052	.3555373			10.12833	13.03707	14.25701	15.42864	17.68534	20.06958	22.51144	25.65613	27.56225	30.18193	38.97236	51.09463	107.7865	23.98394
3	1977.5	"VS"			82900	2042695	.3827423				12.14475	13.69074	15.29953	18.29367	21.27571	24.42655	27.9208	30.3172	32.9656	42.33572	53.4426	105.1124	24.64047
3	1979.5	"VS"			90641	2291584	.3993707				11.50064	13.35219	15.18405	18.60335	22.00775	25.47712	29.43181	31.89689	35.02169	44.58897	56.08711	105.9992	25.28198
6	1981.5	"VS"			98622	2604761	.4145487				10.77832	13.01389	15.13822	19.14514	22.87005	26.73034	31.29002	33.88582	37.06078	47.37039	60.14391	115.1614	26.41156
6	1983.5	"VS"			104571	2928495	.4203111				11.42269	13.62018	15.7334	19.81615	23.73974	27.66178	32.45456	35.46551	38.9044	50.65051	64.89764	124.9833	28.00484
9	1985.5	"VS"			108485	3204760	.4179241				12.24584	14.48928	16.67261	21.0272	25.18377	29.47372	34.60476	37.58884	41.32425	53.38361	68.34526	129.2322	29.54104
496	1987.5	"VS"			117085	3595239	.4106283				12.02493	15.32074	17.37801	21.83022	26.12796	30.54145	35.65221	38.7147	42.46249	54.545	70.01555	135.8368	30.70623
657	1989.5	"VS"			120187	4161444	.4072947				14.55095	17.80239	20.79957	25.44496	29.78542	34.36792	40.08796	43.28097	47.33088	60.63961	77.18347	152.2383	34.62474
845	1991.5	"VS"			127295	4808898	.4032513				16.29419	20.05608	22.54595	27.58056	32.37027	37.49114	43.4957	47.17418	51.62023	66.07702	83.80774	166.1904	37.77758
893	1993.5	"VS"			132329	5403361	.3966093				17.74847	21.4633	25.06381	30.40741	35.7438	41.32893	47.88565	51.87889	56.66907	72.03306	90.2888	168.0786	40.83278
0	1961.5	"ZG"			11921	141525	.3469551		6.118383	6.313264	6.759563	7.014138	7.24662	7.794276	8.49926	9.446444	10.78057	11.73508	12.92115	17.99919	26.32062	65.63488	11.87191
0	1963.5	"ZG"			13774	192737	.3680851		6.470369	7.106442	7.659759	7.981008	8.281679	8.987057	9.819352	10.89552	12.46115	13.60567	15.04222	21.28324	31.28402	75.09207	13.99281
1	1965.5	"ZG"			14236	228535	.3639095		7.531948	8.194296	8.8957	9.238567	9.593935	10.40143	11.40597	12.73726	14.6113	15.9188	17.77843	24.85059	36.27853	86.73772	16.05332
1	1967.5	"ZG"			17914	305630.2	.3579181		7.748755	8.370561	9.34116	9.789723	10.30908	11.30441	12.42225	13.82151	15.87294	17.33845	19.20241	26.44676	38.15685	91.91385	17.06097
4	1969.5	"ZG"			21195	403284.3	.3667771		8.120001	8.72519	10.07054	10.59571	11.2363	12.43851	13.79797	15.45569	17.79482	19.53118	21.57355	29.4454	41.7012	100.2713	19.02733
8	1971.5	"ZG"			21142	497751.1	.3621345		10.19245	11.06322	12.54854	13.309	14.06181	15.48568	17.17012	19.30902	22.18067	24.13429	26.56944	35.99345	50.87471	124.423	23.54324
10	1973.5	"ZG"			24562	669501.9	.3631752	9.557418	10.84057	12.09587	14.19088	15.16464	16.09065	17.81435	19.79453	22.34969	25.80015	28.0746	31.12271	41.93866	58.73581	144.6863	27.25763
5	1975.5	"ZG"			26715	851668.7	.3522163	10.07405	11.713	13.49491	16.67831	18.12132	19.36145	21.81219	24.40462	27.37507	31.51731	34.17056	37.69188	50.51968	69.24439	158.1382	31.87979
11	1977.5	"ZG"			28266	987484.1	.362707	10.08602	11.83886	13.84579	17.48384	19.16714	20.68081	23.68793	26.65056	30.39463	35.11842	38.15532	42.22777	56.74945	77.03632	169.4119	34.93541
11	1979.5	"ZG"			31533	1146556	.3695574	10.04223	12.06086	14.28035	18.1414	19.61673	21.15874	24.19225	27.31017	31.33538	36.52193	39.77369	44.0913	60.0059	82.18456	180.2363	36.36052
16	1981.5	"ZG"			33437	1328798	.381188	10.07413	12.30594	14.67787	19.12753	21.05325	22.69176	25.90792	29.54305	34.0219	40.15436	43.73083	48.59837	66.1141	89.73011	204.7933	39.74034
24	1983.5	"ZG"			34840	1508957	.3874958	11.12914	13.28817	15.82089	20.3459	22.33381	24.28163	27.73119	31.8192	36.6018	42.79939	47.0201	52.36755	71.37937	98.15865	217.7919	43.31105
33	1985.5	"ZG"			37692	1780173	.4046108	11.58829	13.79919	16.52998	21.18312	23.26517	25.29318	29.27166	33.7394	39.23654	46.20935	50.88368	56.795	78.30594	109.1362	250.3834	47.22945
695	1987.5	"ZG"			40296	2014068	.4182173		12.68772	16.31052	21.74129	24.27101	26.53421	31.12493	35.90633	41.34811	48.21636	52.82383	58.81067	81.26402	114.101		49.98184
877	1989.5	"ZG"			40929	2282228	.4146285		14.79625	18.92181	25.20522	27.52514	30.24043	35.1202	40.30457	46.28072	54.00082	59.05042	65.51319	90.35706	126.4214		55.76066
1117	1991.5	"ZG"			42487	2731341	.4380296		15.82236	20.69383	27.46721	30.55253	33.15427	38.59999	44.53945	51.26587	60.19455	65.86	72.99998	100.4837	140.3607		64.28651
1328	1993.5	"ZG"			43274	3002740	.4140606		17.76659	23.21584	31.14638	34.41923	37.40912	43.50241	50.23011	57.89544	67.81178	74.2611	82.55375	112.647	156.0473		69.389
23	1961.5	"ZH"			276694	3583443	.3803614		6.142654	6.400989	7.001399	7.246968	7.519019	8.145205	8.878055	9.859247	11.28685	12.32404	13.72586	19.37951	29.01612	78.06702	12.95092
39	1963.5	"ZH"			298070	4479543	.3979856		6.579644	7.189494	7.840718	8.170343	8.495749	9.238821	10.11798	11.27549	12.94903	14.14199	15.76811	22.42503	33.92096	94.87811	15.02849
46	1965.5	"ZH"			295230	5138729	.402021		7.617962	8.262118	9.047368	9.412329	9.818774	10.69083	11.7469	13.09879	15.04413	16.40661	18.29452	26.251	39.8379	111.2106	17.40585
72	1967.5	"ZH"			285563	5781198	.4051422		8.168817	8.741265	10.0072	10.4767	11.09036	12.2645	13.60006	15.36047	17.73167	19.45332	21.69359	31.06752	46.44503	126.2318	20.24491
96	1969.5	"ZH"			340389	7447963	.404125		8.251023	9.17907	10.70115	11.45039	12.19659	13.57958	15.22656	17.19143	19.81779	21.66891	24.1506	33.74523	49.38378	132.7981	21.88074
131	1971.5	"ZH"			360960	9369102	.396168		10.26944	11.26683	13.05799	13.79133	14.61367	16.29244	18.20452	20.47651	23.6203	25.813	28.58927	39.81054	58.22999	153.608	25.95607
204	1973.5	"ZH"			389744	1.16e+07	.4083546		10.53029	12.05735	14.45742	15.51609	16.54222	18.59288	20.80383	23.50834	27.07417	29.47411	32.75486	45.7988	66.77897	178.8718	29.77834
230	1975.5	"ZH"			431051	1.47e+07	.3949738		11.03221	13.07976	16.58673	18.19763	19.6066	22.39023	25.26907	28.39301	32.69756	35.59183	39.13032	53.18365	74.62858	187.7211	34.00083
186	1977.5	"ZH"			452637	1.63e+07	.3790064		11.2807	13.43406	17.52461	19.42985	21.22548	24.54835	27.74358	31.63613	36.43678	39.48334	43.4744	58.20867	78.46432	179.1516	36.07995
186	1979.5	"ZH"			475457	1.80e+07	.3765014		11.63101	13.88119	18.1777	20.1923	22.06514	25.54791	29.10795	33.23783	38.4781	41.87277	46.17335	61.87219	82.81149	184.156	37.77212
209	1981.5	"ZH"			494938	1.99e+07	.3794953		11.79467	14.33135	19.01486	21.16098	23.24315	26.94719	31.08949	35.72264	41.40216	45.14642	49.65191	66.58977	89.22496	195.3261	40.20027
235	1983.5	"ZH"			516238	2.21e+07	.3812204		12.44839	15.14012	20.10853	22.37172	24.57958	28.64703	32.98286	37.85405	43.88837	47.79584	52.77624	71.10204	95.54567	206.7663	42.79216
259	1985.5	"ZH"			534469	2.44e+07	.3844759		13.03848	15.69642	20.89147	23.44939	25.7595	30.52699	35.32804	40.6262	47.18461	51.47413	56.9145	76.69097	102.9362	220.462	45.57226
7678	1987.5	"ZH"			565942	2.70e+07	.3849329		12.64019	16.23751	21.87629	24.6106	26.9612	31.7724	36.66016	42.11058	48.89163	53.25371	58.88142	79.19772	107.1653		47.6596
9663	1989.5	"ZH"			559642	2.99e+07	.3837153		14.69823	18.92916	25.31961	27.86152	30.65601	35.71561	41.0219	47.13426	55.02453	60.01266	66.25552	96.01344	120.1359		53.46143
11975	1991.5	"ZH"			580900	3.41e+07	.3852195		15.9679	20.53351	27.44357	30.64363	33.38268	38.96116	44.82006	51.57489	60.17158	65.57836	72.46735	97.06245	131.1119		58.64499
13982	1993.5	"ZH"			585342	3.82e+07	.3767312		17.81288	22.95943	31.20199	34.6786	37.83523	44.09435	50.74881	58.28659	67.86287	73.96254	81.69331	108.5003	144.1597		65.25278
