anz_pflichtige	steuerperiode	bemessungsjahre	kanton	null_norm	null_sond	cpop	cinc	G_steink	p1	p5	p10	p20	p25	p30	p40	p50	p60	p70	p75	p80	p90	p95	p99	mean
0	1959.5	1957.5	"AG"			4932	47765	.5066272						6.344406	7.16267	8.047171	9.002373	10.18641	10.97443	12.00779	16.45055	22.5854	67.39618	9.684712
0	1961.5	1959.5	"AG"			5100	49076	.4368436				6.085526	6.345705	6.636154	7.228543	7.842403	8.6302	9.736516	10.50973	11.5053	15.93737	21.93244	53.66782	9.622746
0	1963.5	1961.5	"AG"			5703	58652	.4074588				6.503749	7.140122	7.401599	8.018388	8.716523	9.599455	10.82	11.63669	12.76612	17.64066	22.47173	49.19143	10.28441
0	1965.5	1963.5	"AG"			4622	59818	.3988788				8.18671	8.557508	8.972487	9.694195	10.52135	11.46395	12.70278	13.57528	14.83367	19.5456	27.70781	74.84626	12.94202
0	1967.5	1965.5	"AG"			8236	113287.7	.449264				7.705204	8.43282	9.058511	10.13261	11.22164	12.44188	14.11351	15.10208	16.39692	22.00425	30.36364	82.74842	13.75519
1	1969.5	1967.5	"AG"			9256	149404.2	.4271566				8.614931	9.347019	10.07416	11.42254	12.8776	14.54727	16.39917	17.69075	19.4007	26.10645	35.84209	93.06483	16.14134
1	1971.5	1969.5	"AG"			11717	231901.7	.3667127			9.149046	11.29466	12.15072	13.02897	14.50472	16.30648	18.14552	20.34077	21.76439	23.56458	30.83747	41.988	101.8502	19.7919
0	1959.5	1957.5	"AI"			19	153	.2074303				6.557549	6.902319	7.6778	8.258999	8.6325	9.104083	9.710546	10.09616	10.52538				8.052631
0	1961.5	1959.5	"AI"			19	176	.1632775	6.039453	6.204086	6.426729	6.939799	7.156303	7.372059	7.877919	8.445757	9.104083	9.710546	10.09616	10.52538	15.07181			9.263158
0	1963.5	1961.5	"AI"			39	295	.4132116						6.679701	7.885951	8.319547	8.771871	9.248898	9.508801	9.836858				7.564103
0	1965.5	1963.5	"AI"			25	209	.6168421								8.224311	10.46309	12.47333	13.72793		20.44363			8.36
0	1967.5	1965.5	"AI"			49	657.6	.5786378							9.76956	11.13757	12.51011	13.72053	14.77634	15.6281				13.42041
0	1969.5	1967.5	"AI"			162	2048.6	.643437							7.226813	9.465082	10.83231	13.41343	15.35244	16.82105	24.60334	37.81699	128.3969	12.64568
0	1971.5	1969.5	"AI"			203	4453.2	.4983716				10.37626	11.0969	11.70027	13.3513	14.67301	17.11353	20.02131	23.11331	24.712	37.60833	79.11398	166.1238	21.93695
0	1959.5	1957.5	"AR"			1014	6768	.556496							6.066527	6.567901	7.207008	8.036818	8.597457	9.326856	12.33016	17.85055	54.24073	6.674556
0	1961.5	1959.5	"AR"			2944	22920	.2904107				6.211596	6.361383	6.525506	6.907665	7.242521	7.628551	8.125968	8.408361	8.767374	9.930063	11.45954	26.58797	7.785326
0	1963.5	1961.5	"AR"			3111	28783	.2562678			6.210199	7.115242	7.309705	7.523469	8.01615	8.438969	8.986926	9.590534	9.992036	10.48689	12.23129	15.01535	35.64071	9.252009
0	1965.5	1963.5	"AR"			2504	27156	.2853222			7.034655	8.242158	8.482369	8.746906	9.243991	9.758326	10.36621	11.13911	11.60935	12.21502	14.39857	19.05709	48.10555	10.84505
0	1967.5	1965.5	"AR"			2858	33581.6	.2927772			7.214419	8.444272	8.782133	9.186452	9.824666	10.50926	11.30713	12.29235	12.85334	13.52506	15.6856	19.38872	57.20325	11.75004
0	1969.5	1967.5	"AR"			3630	46907.3	.3414049				8.564632	9.144506	9.570564	10.47732	11.37285	12.38041	13.65708	14.50428	15.49421	18.651	23.56071	60.79142	12.92212
0	1971.5	1969.5	"AR"			3820	63633.9	.2854082			10.262	11.40521	12.01464	12.43605	13.40712	14.41314	15.51247	17.08883	17.89057	19.25164	23.37722	28.67144	59.75975	16.65809
0	1959.5	1957.5	"BE"			13573	140220	.5114967						6.340386	7.233885	8.234935	9.435791	11.04701	12.14292	13.53422	18.90125	27.1878	65.94452	10.3308
0	1961.5	1959.5	"BE"			14687	131211	.5747255							6.431208	7.398474	8.475614	9.839493	10.78786	12.21588	17.48276	25.89738	63.15534	8.933819
1	1963.5	1961.5	"BE"			19176	210076	.5474118						6.217194	7.683993	8.65524	9.813336	11.43083	12.57204	14.1696	20.40876	29.76366	76.47498	10.95515
1	1965.5	1963.5	"BE"			22161	284281	.5362815						7.974131	9.028314	10.14872	11.54078	13.32786	14.52812	16.23126	22.65987	32.44849	84.89178	12.82799
1	1967.5	1965.5	"BE"			30641	483534.4	.4044525			6.143347	8.728258	9.28729	9.748505	10.79206	12.07059	13.44504	15.27216	16.50387	18.30271	25.08838	35.24485	90.59608	15.78063
2	1969.5	1967.5	"BE"			37401	613312.5	.4250259				8.642377	9.42591	10.1919	11.5581	13.13304	14.79246	16.86441	18.30946	20.11459	27.27529	37.93564	90.12499	16.39829
3	1971.5	1969.5	"BE"			42867	881788.9	.4098455				11.14549	12.02168	12.76562	14.47077	16.31589	18.36945	21.05054	22.7131	25.00939	33.58389	45.959	113.444	20.57034
0	1959.5	1957.5	"BL"			2336	21753	.5635396							6.65836	7.980393	9.230278	10.63929	11.52872	12.63937	17.08195	25.49292	69.04052	9.312072
2	1961.5	1959.5	"BL"			3184	46705	.5901682				6.139489	6.485746	6.877526	7.665025	8.541161	9.608163	11.03614	12.00845	13.60578	20.02078	34.03659	127.6504	14.66866
0	1963.5	1961.5	"BL"			3521	38790	.5146397						7.071373	8.003515	9.02617	10.15565	11.55089	12.4835	13.71373	18.54777	26.33362	76.67171	11.01676
0	1965.5	1963.5	"BL"			5418	70278	.4878419					7.364322	8.398507	9.575492	10.91893	12.38514	14.13989	15.13875	16.70411	22.56271	31.69525	86.31145	12.97121
2	1967.5	1965.5	"BL"			7529	154109.3	.3895712	7.36196	8.275468	8.847876	10.14868	10.69812	11.36382	12.62468	14.10884	15.68246	18.03426	19.58178	21.8369	30.74473	44.66541	131.3147	20.46876
0	1969.5	1967.5	"BL"			8051	156329.8	.3131327	7.542498	8.48296	9.316965	10.81583	11.58866	12.34857	13.74249	15.37025	17.18684	19.55321	21.27675	23.4089	31.11098	40.93557	83.93722	19.41744
2	1971.5	1969.5	"BL"			8987	216222.3	.3419127		10.29148	11.23586	12.8427	13.73684	14.6354	16.41087	18.39007	20.60459	23.64669	25.66345	28.17301	37.73061	50.92884	115.8254	24.05945
3	1959.5	1957.5	"BS"			3706	49287	.5527872					6.155235	6.398109	6.975953	7.628547	8.532716	9.812636	10.78127	12.09939	17.30004	30.65742	122.2163	13.29924
3	1961.5	1959.5	"BS"			8255	102046	.4832095				6.176315	6.449931	6.75585	7.32793	7.957374	8.773685	9.984453	10.99505	12.3521	17.52168	26.93987	91.67143	12.36172
1	1963.5	1961.5	"BS"			16671	174644	.4459334					6.462606	7.151152	7.908056	8.620636	9.452063	10.51694	11.23878	12.22122	16.13691	21.90143	61.04487	10.47592
1	1965.5	1963.5	"BS"			17284	252964	.3807562				8.253122	8.669985	9.099252	9.899218	10.74193	11.78837	13.22919	14.21691	15.51514	20.67318	30.49175	92.28886	14.63573
2	1967.5	1965.5	"BS"			22324	344637.4	.364495			7.118762	8.565725	9.130658	9.573829	10.56438	11.58525	12.732	14.30327	15.3342	16.69244	22.30658	30.82377	82.64204	15.43798
5	1969.5	1967.5	"BS"			24236	423854	.3916862			7.813876	9.150737	9.76375	10.45629	11.73601	13.05696	14.42643	16.30662	17.60991	19.35193	25.94758	35.51064	98.20309	17.48861
13	1971.5	1969.5	"BS"			22138	485451.4	.3832685		7.586481	10.25337	11.73963	12.48922	13.23845	14.59708	16.19502	18.0317	20.4106	22.09917	24.19912	32.29794	43.99966	111.6364	21.92842
10	1959.5	1957.5	"CH"			86841	993834	.5306364					6.115718	6.488702	7.319496	8.250066	9.395215	10.91446	12.00101	13.39904	19.41546	29.5255	80.31646	11.44429
20	1961.5	1959.5	"CH"			156538	1595024	.4344383				6.214498	6.442595	6.695701	7.19869	7.708514	8.345605	9.213566	9.831089	10.72603	15.18336	22.77383	62.85145	10.18937
24	1963.5	1961.5	"CH"			183459	2146883	.467209				6.458339	7.126677	7.420814	8.091187	8.761893	9.598951	10.74434	11.58131	12.7553	18.25995	27.60819	76.6001	11.70225
46	1965.5	1963.5	"CH"			185817	2569095	.4825957				7.374888	8.191308	8.564601	9.35373	10.20945	11.2247	12.60902	13.57713	14.91308	21.04346	32.01362	91.42027	13.82594
49	1967.5	1965.5	"CH"			200759	3332186	.4617842				8.384469	8.884906	9.410664	10.43398	11.56412	13.00101	14.72109	16.07839	17.82473	25.76585	39.5086	107.3358	16.59794
80	1969.5	1967.5	"CH"			256437	4618476	.4701535				8.587693	9.329197	10.06852	11.37802	12.79422	14.49195	16.6634	18.22733	20.22192	28.65492	42.42168	111.5805	18.01018
110	1971.5	1969.5	"CH"			283283	6365520	.4533083				11.0834	11.84303	12.67044	14.3336	16.12497	18.21281	20.8967	22.78605	25.36313	35.65006	52.11437	137.3456	22.47053
0	1959.5	1957.5	"FR"			1192	10777	.5453705							6.556271	7.425604	8.441157	9.832473	10.74746	11.82371	16.98445	28.64876	54.15162	9.041107
0	1961.5	1959.5	"FR"			875	7075	.531238							6.357193	7.072867	7.975365	9.142962	10.00462	10.94901	15.86389	21.86493	48.53938	8.085714
0	1963.5	1961.5	"FR"			1546	16077	.5141666						6.739042	7.435393	8.072577	8.907007	10.15858	11.16441	13.01853	19.52558	28.21481	58.75316	10.39909
0	1965.5	1963.5	"FR"			1630	16224	.552709							8.065122	8.887628	9.897171	11.35851	12.21582	13.58242	20.0787	30.27512	57.32016	9.953374
0	1967.5	1965.5	"FR"			2594	29213	.5057466						7.254619	8.617623	9.610893	10.78911	12.50881	13.59047	15.07185	22.05888	31.99619	68.26496	11.26176
0	1969.5	1967.5	"FR"			1850	23502.3	.5457161							8.779557	10.24422	11.8451	13.85044	15.1758	17.27648	25.89314	38.02494	75.74014	12.70395
0	1971.5	1969.5	"FR"			4441	83610	.3672417			9.488657	11.08577	11.57838	12.21793	13.46776	14.75239	16.34401	18.46006	19.87877	22.20897	30.42192	42.32774	83.66233	18.82684
1	1959.5	1957.5	"GE"			7901	120927	.6528443							7.068244	8.313191	10.11963	13.00284	14.99212	17.72628	29.04697	48.66781	127.0827	15.30528
8	1961.5	1959.5	"GE"			10546	192793	.5444981			6.165705	7.050101	7.358464	7.703042	8.434598	9.318053	10.63253	13.39218	15.7198	18.55429	31.20802	54.97733	116.9656	18.28115
7	1963.5	1961.5	"GE"			14168	266498	.5521138				7.477923	7.982482	8.344643	9.18733	10.23277	11.67173	14.14016	16.50478	19.86129	35.34367	61.47589	134.9277	18.80985
19	1965.5	1963.5	"GE"			9379	269383	.66186				8.071631	8.64844	9.247458	10.44206	11.90099	14.24978	18.7746	23.02773	27.4236	52.89393	86.64066	244.6817	28.72193
17	1967.5	1965.5	"GE"			11966	418060.3	.6041334			7.451883	9.622349	10.44912	11.30235	13.1851	15.56676	19.39556	25.9618	31.3871	38.39064	68.62198	102.1278	282.4791	34.93735
31	1969.5	1967.5	"GE"			12550	524352	.6022524		8.026653	9.638988	11.86085	12.80339	13.76148	16.02592	18.68262	23.09299	30.2649	34.85263	41.8577	73.12045	112.5384	300.9264	41.78104
41	1971.5	1969.5	"GE"			14550	635598.3	.5726349		10.37628	11.51917	13.47155	14.4156	15.4354	17.6458	20.57038	24.7286	31.57744	36.32612	43.17512	74.06201	119.8398	345.7309	43.68373
0	1959.5	1957.5	"GL"			246	3045	.3980456			6.018595	6.886242	7.256284	7.623823	8.300706	8.968857	10.2774	12.13938	13.04983	14.94637	21.12362	33.10982		12.37805
0	1961.5	1959.5	"GL"			259	2192	.5858668							6.36803	7.172738	8.014542	9.140166	9.780777	11.0221	16.02239			8.463321
0	1963.5	1961.5	"GL"			585	6372	.5139075					6.324039	6.987641	7.64127	8.332364	9.121011	10.29708	10.96739	12.22335	17.23511	24.13643	75.67517	10.89231
0	1965.5	1963.5	"GL"			953	9196	.3739437				7.029256	7.607584	8.09832	8.662952	9.203688	9.700312	10.40508	10.89141	11.55981	14.1909	21.0454	48.96313	9.649528
0	1967.5	1965.5	"GL"			1245	13665.7	.4131927				7.258593	8.019512	8.224123	8.700344	9.364377	10.16744	11.18379	11.77655	12.59418	16.02957	23.84103	68.69719	10.97647
0	1969.5	1967.5	"GL"			1201	16347.5	.4060735				8.183488	8.523214	9.001355	9.606459	10.6176	11.77017	13.28547	14.32779	15.69423	22.35229	33.38061	82.65052	13.61157
1	1971.5	1969.5	"GL"			1805	33208.6	.3611541			9.544431	11.20252	11.88588	12.5627	13.78793	15.13381	16.40616	18.02266	19.04166	20.33605	26.094	34.8403	109.2642	18.39812
1	1959.5	1957.5	"GR"			913	12303	.6110044						6.303607	7.136738	8.138426	9.206588	10.7236	11.95783	13.53295	21.16853	31.57364		13.47536
0	1961.5	1959.5	"GR"			1223	11642	.5482522							6.42628	7.131891	7.867652	8.80859	9.548714	10.51757	14.5377	22.60559		9.519215
0	1963.5	1961.5	"GR"			1499	16789	.5748789							6.580731	7.698271	8.643687	10.11206	11.06906	12.6703	17.94275	29.62435	95.0229	11.20013
0	1965.5	1963.5	"GR"			2561	29724	.5471249							7.233956	8.89455	10.27998	11.95745	12.88219	14.14741	19.68853	30.12462	98.40612	11.6064
1	1967.5	1965.5	"GR"			4373	58880.5	.5044199						6.450494	8.69919	10.0781	11.55974	13.52363	14.74649	16.46766	23.06767	32.49937	90.41681	13.46455
1	1969.5	1967.5	"GR"			5691	77416.4	.5164744							8.519052	10.28606	12.19205	14.31889	15.68449	17.58797	24.37636	35.21063		13.6033
4	1971.5	1969.5	"GR"			6019	102964.7	.5679966							8.24007	11.48089	13.59336	16.11179	17.51483	19.50806	27.15586	41.09211	126.298	17.10661
0	1959.5	1957.5	"LU"			2472	25050	.5124121						6.307631	7.177969	8.104255	9.270596	10.65932	11.53743	12.88954	17.99388	24.7628	62.53317	10.1335
1	1961.5	1959.5	"LU"			2945	29692	.5099553					6.059132	6.368149	7.091737	7.864983	8.706132	9.938829	10.76169	11.84952	17.01538	25.06755	59.57411	10.08217
1	1963.5	1961.5	"LU"			3827	41989	.5423285						6.485164	7.563743	8.419714	9.464076	10.85209	11.99468	13.37172	19.25185	30.88051	73.24026	10.97178
1	1965.5	1963.5	"LU"			4501	72963	.3781055		7.504228	8.177875	8.81591	9.149149	9.477746	10.23165	11.12118	12.20504	13.86633	14.94449	16.73667	24.14131	37.74084	101.4619	16.2104
3	1967.5	1965.5	"LU"			5711	92909.5	.360983		7.562042	8.251912	9.090092	9.415774	9.776851	10.63554	11.59826	12.76692	14.4105	15.48341	17.03962	23.17005	32.65731	88.02457	16.26852
2	1969.5	1967.5	"LU"			7615	135199.1	.3687599		8.003291	8.485501	9.524463	10.09888	10.59298	11.68613	12.77557	14.09482	15.86319	17.12567	18.62959	25.71839	38.01112	98.9117	17.75431
4	1971.5	1969.5	"LU"			8602	192892.4	.3658924		10.10227	10.74603	12.10922	12.65798	13.29604	14.52707	16.04567	17.76184	20.11989	21.64756	23.85415	33.27958	47.47417	124.8481	22.42414
0	1959.5	1957.5	"NE"			2568	25922	.4414113				6.118054	6.329118	6.562807	7.103332	7.733505	8.651126	10.02687	10.72766	11.74438	15.30462	21.78875	72.08569	10.09424
0	1961.5	1959.5	"NE"			7273	57613	.1989966			6.078154	6.434892	6.639167	6.864717	7.214494	7.571765	8.026752	8.535753	8.874922	9.254659	10.4963	12.01467	18.48851	7.921491
0	1963.5	1961.5	"NE"			3186	30220	.4308856					6.335795	7.088316	7.664932	8.319071	9.101786	10.24457	10.911	11.71297	15.32081	22.97549	56.99117	9.485248
0	1965.5	1963.5	"NE"			4844	55265	.4045298				7.343302	8.106607	8.398571	9.077111	9.839487	10.72311	11.95841	12.67316	13.56848	17.13975	23.84622	55.51352	11.40896
0	1967.5	1965.5	"NE"			4736	55993.3	.4096809				7.211617	8.175857	8.513871	9.33688	10.24788	11.38318	12.78723	13.61841	14.67805	18.85133	25.01043	57.02824	11.82291
0	1969.5	1967.5	"NE"			3939	56832	.4570587				7.050069	8.287804	8.882808	10.17505	11.37764	12.78967	14.69783	16.09862	17.83665	24.40349	35.3264	89.55032	14.42803
0	1971.5	1969.5	"NE"			4396	79629.3	.5642995						10.11187	11.78409	13.28528	15.04903	17.32918	19.17016	21.49696	31.20293	46.09533	148.0596	18.11403
0	1959.5	1957.5	"NW"			49	1113	.5487467	6.071589	6.374419	6.794409	7.334477	7.577204	7.845575	8.690659	9.540661	13.18605	16.13753	19.34985	25.88944				22.71428
0	1961.5	1959.5	"NW"			81	1291	.6923621							6.902222	7.436928	8.048036	8.839994	9.906788		44.44445	72.02084		15.93827
0	1963.5	1961.5	"NW"			266	4342	.569658				7.142595	7.287961	7.446634	7.813749	8.230382	8.733062	9.428448	9.898309	12.43083		41.01473	234.4665	16.32331
1	1965.5	1963.5	"NW"			202	5018	.6700916					8.166274	8.689834	9.985121	11.63706	12.93989	14.46111	17.09303	20.11092	32.66851	54.71465	332.7371	24.84158
0	1967.5	1965.5	"NW"			379	5970.7	.5457072					6.603728	8.298496	9.68154	11.20871	12.66693	14.41104	15.35132	17.44738	26.56025	40.10965	97.62714	15.75383
0	1969.5	1967.5	"NW"			477	8744.4	.4962061				7.835862	9.20272	10.1029	11.46093	13.10501	14.62773	17.13425	18.64292	20.64893	30.55935	42.46096	110.8143	18.33208
3	1971.5	1969.5	"NW"			612	16804.8	.5951261				9.783215	11.25272	12.11048	14.03363	15.53453	17.71971	20.50581	22.1677	23.6761	32.95937	47.1768		27.45882
0	1959.5	1957.5	"OW"			27	365	.4989345				6.116887	6.546393	7.091827	8.888889	9.577804	11.18582		15.105	15.76554	41.24317	52.77659		13.51852
0	1961.5	1959.5	"OW"			29	379	.4797561					6.381434	6.885989	8.358449	9.145224	10.37833	14.13091	14.85619		40.14565			13.06897
0	1963.5	1961.5	"OW"			35	601	.3660566			6.229989	8.000001	9.353875	10.11105	11	13.23248	16	22.14332	22.71409	25	29.02122			17.17143
1	1965.5	1963.5	"OW"			103	3139	.6451439			7.43679	8.737864	9.320388	9.98613	10.91791	12.41609		18.09616	21.18507		39.14336	71.84341		30.47573
0	1967.5	1965.5	"OW"			179	2887	.5189177					8.07816	9.107686	10.43362	12.11249	13.66927	15.18209	16.52374	19.17469	29.38753	60.1045	124.3494	16.12849
0	1969.5	1967.5	"OW"			243	4320.9	.4035433				8.753954	9.720036	10.89034	12.76661	14.85187	16.5047	19.30187	21.05343	23.78527	34.55512	43.96588		17.78148
0	1971.5	1969.5	"OW"			355	9118.6	.4073569			9.782113	13.11385	14.3173	15.35532	17.50558	19.69464	22.07074	25.45849	28.20561	31.94325	43.77358	72.95862	131.6026	25.6862
0	1959.5	1957.5	"SG"			5430	45658	.4849331						6.172507	6.661962	7.2326	7.902589	8.88804	9.611893	10.56284	14.06299	20.28526	53.16013	8.408471
0	1961.5	1959.5	"SG"			14047	120428	.2449096			6.116459	6.385535	6.53796	6.704932	7.064186	7.395328	7.821811	8.368187	8.722127	9.225471	11.42318	15.09778	33.97202	8.573218
0	1963.5	1961.5	"SG"			18563	173252	.2429965			6.351946	7.117417	7.29815	7.496435	7.959146	8.350037	8.835359	9.45037	9.850361	10.34726	12.24588	15.42891	33.70958	9.33319
0	1965.5	1963.5	"SG"			18438	196463	.2592441			7.239572	8.244891	8.484318	8.747964	9.246481	9.766013	10.35241	11.08413	11.53159	12.10204	14.18619	17.50247	38.91918	10.65533
0	1967.5	1965.5	"SG"			16598	210361.3	.281467			8.035431	8.627315	9.052029	9.333907	10.07515	10.73009	11.61989	12.76291	13.46425	14.33116	17.7429	23.01996	49.3662	12.67389
1	1969.5	1967.5	"SG"			21266	297320.6	.3002124			8.133876	9.049192	9.445523	9.888423	10.76785	11.76412	13.02007	14.32024	15.16589	16.22263	20.23569	25.74378	59.76268	13.98103
1	1971.5	1969.5	"SG"			19009	331637.8	.32844			9.579476	11.09496	11.61932	12.25612	13.44117	14.67638	16.20565	18.08423	19.21818	20.63438	25.80049	32.99636	75.84831	17.44636
0	1959.5	1957.5	"SH"			733	8935	.3773329			6.178842	6.925949	7.285568	7.670623	8.461928	9.433444	10.60113	11.84307	12.68849	13.67232	18.38973	27.13108	64.05331	12.18963
0	1961.5	1959.5	"SH"			975	9333	.4919994						6.317474	7.236226	8.08525	9.030269	10.27043	11.18133	12.27558	17.43026	23.58494	66.16791	9.572308
0	1963.5	1961.5	"SH"			1364	15394	.5008662					6.636469	7.241672	7.961483	8.840295	9.91975	11.06309	11.91376	13.18714	18.2598	30.31217	76.72089	11.28592
0	1965.5	1963.5	"SH"			1653	22917	.4920347				7.630444	8.193256	8.497664	9.19948	10.0432	11.12219	12.346	13.39201	14.78886	20.53544	32.52676	88.58791	13.86388
0	1967.5	1965.5	"SH"			2310	33269.6	.4197223				8.350673	8.851322	9.327443	10.27781	11.4207	12.68999	14.31408	15.40099	16.7028	22.10731	31.96365	97.12214	14.40242
0	1969.5	1967.5	"SH"			3063	47544.2	.4139614				8.785942	9.291427	9.682761	10.64945	11.63878	13.10835	15.25103	16.37935	17.76745	23.63015	34.88202	104.7849	15.5221
0	1971.5	1969.5	"SH"			2653	54876	.3963778				11.61082	12.50122	13.30205	14.66722	16.5882	18.61431	21.07189	22.52965	24.53368	32.82327	44.66212	117.804	20.68451
0	1959.5	1957.5	"SO"			1752	20207	.4386817				6.385343	6.791269	7.196053	8.055867	9.01963	10.0341	11.43468	12.46343	13.80573	18.95566	26.7504		11.53368
0	1961.5	1959.5	"SO"			1688	13529	.5836253							6.191298	7.140759	8.115138	9.27699	10.06261	11.10161	15.23861	22.30977	50.56002	8.014811
0	1963.5	1961.5	"SO"			2495	24237	.56631							7.243023	8.209372	9.253711	10.72084	11.83207	13.10825	18.10167	26.90263	75.05554	9.714229
0	1965.5	1963.5	"SO"			3280	37003	.5473951							8.518909	9.540006	10.85042	12.45399	13.59282	15	20.75135	29.53382	80.96373	11.2814
2	1967.5	1965.5	"SO"			4529	70365.7	.3164371	7.052189	7.887302	8.361784	9.252649	9.651217	10.13757	10.8737	11.77826	13.00564	14.43839	15.41773	16.5792	20.80584	27.28097	73.23567	15.5367
2	1969.5	1967.5	"SO"			5779	101241.7	.3362378	7.229245	8.176291	8.691299	9.799723	10.36817	10.86816	11.86796	13.11197	14.39256	16.28754	17.44065	18.82128	24.57232	32.13472	71.42976	17.5189
0	1971.5	1969.5	"SO"			6301	125936.5	.2947896		10.07861	10.70691	12.10417	12.70685	13.39267	14.69273	16.11746	17.71731	20.07159	21.50505	23.41556	29.81851	39.31377	82.80654	19.98675
0	1959.5	1957.5	"SZ"			486	3966	.5245129							6.576855	7.328745	8.188039	9.658051	10.4541	11.33612	15.6617	22.39943		8.160494
0	1961.5	1959.5	"SZ"			758	6297	.4479722					6.092109	6.284966	6.738214	7.265057	7.907007	8.710227	9.264224	10.01063	14.51488	21.25989		8.307388
0	1963.5	1961.5	"SZ"			1001	10364	.4879908					6.575974	7.109827	7.588294	8.188958	8.968768	9.893859	10.47159	11.3251	16.54101	26.18074	67.30376	10.35365
1	1965.5	1963.5	"SZ"			1377	18596	.4275437				8.207487	8.49907	8.822244	9.401604	10.05467	10.82089	11.9109	12.65973	13.72075	18.79015	26.13297	71.02651	13.50472
0	1967.5	1965.5	"SZ"			1766	25133.7	.3835321				8.4505	8.876925	9.327167	10.22361	11.30615	12.61404	14.11338	15.08578	16.43374	21.1359	30.0993		14.23199
0	1969.5	1967.5	"SZ"			2397	36687.8	.4339944				7.640691	8.543177	9.329032	10.67972	12.30154	14.20669	16.29152	17.63933	19.65029	26.54153	36.78984	74.00236	15.30572
0	1971.5	1969.5	"SZ"			2065	37845.2	.4230899				10.08081	11.06739	11.87889	13.67764	15.45382	17.37839	19.65274	21.11402	22.6867	29.49909	40.15694	83.22307	18.32697
0	1959.5	1957.5	"TG"			3475	29974	.4562332					6.072649	6.27845	6.763822	7.3557	8.126748	9.236177	9.958291	10.86331	14.64523	20.57109	44.23217	8.625611
0	1961.5	1959.5	"TG"			10988	87485	.2308203			6.06372	6.33828	6.49396	6.664617	7.038815	7.346502	7.741444	8.239934	8.546097	8.936334	10.51455	12.77283	25.87878	7.961867
0	1963.5	1961.5	"TG"			11435	104474	.2400325			6.315019	7.109125	7.268256	7.442311	7.846411	8.276302	8.790067	9.401965	9.783566	10.26623	11.95603	14.39753	30.85128	9.136335
1	1965.5	1963.5	"TG"			11072	119196	.3032922				8.18358	8.430956	8.703681	9.261843	9.87476	10.5145	11.31948	11.8263	12.47381	14.63311	17.87352	42.63607	10.76553
0	1967.5	1965.5	"TG"			13520	157977.9	.2833904			7.109587	8.495384	8.897484	9.275329	10.01978	10.66459	11.55783	12.59072	13.26848	14.09388	16.66998	20.2553	40.18147	11.68476
1	1969.5	1967.5	"TG"			16518	222352	.3226426			7.350036	8.786363	9.336329	9.815619	10.74008	11.63474	12.75362	14.2429	15.13458	16.1403	19.49112	24.13244	55.67446	13.46119
0	1971.5	1969.5	"TG"			16142	265887	.3337326				11.06358	11.62499	12.27834	13.46273	14.61264	15.86749	17.63614	18.81808	20.36261	25.41274	31.62582	66.78542	16.47175
0	1959.5	1957.5	"TI"			2624	25259	.556039								7.059121	8.458677	10.47078	11.76144	13.29068	20.75758	29.16908	53.20236	9.626143
0	1961.5	1959.5	"TI"			3778	34567	.5418006							6.02393	6.766292	7.801895	9.289537	10.35082	11.95857	18.70776	28.37364	56.0826	9.14955
0	1963.5	1961.5	"TI"			3838	32242	.6005567									7.344099	8.866142	9.869513	10.98921	16.57528	26.14894	66.91776	8.400729
1	1965.5	1963.5	"TI"			5432	47963	.6791182									6.678972	9.364759	10.59458	12.28582	19.54263	31.01635	76.90546	8.829713
2	1967.5	1965.5	"TI"			6888	68407.5	.6742237									8.271564	10.06689	11.36141	13.08545	19.55222	31.00325	76.31239	9.931402
2	1969.5	1967.5	"TI"			11060	119164.7	.6729172									9.021077	11.36434	12.85965	14.83522	22.72179	36.10527	92.61874	10.77439
5	1971.5	1969.5	"TI"			14633	293575.1	.5513121						8.432947	11.31879	13.34413	15.70505	18.70125	20.67472	23.05256	34.46087	51.09581	125.7961	20.06254
0	1959.5	1957.5	"UR"			170	1456	.3699256				6.062338	6.345778	6.66345	7.316683	8.039462	8.830766	10.48481	11.27869	12.685	15.62046	20.31287		8.564706
0	1961.5	1959.5	"UR"			225	1730	.4796069						6.011718	6.610137	7.394988	8.233362	8.979836	9.802584	10.88555	13.93218	19.2199		7.688889
0	1963.5	1961.5	"UR"			241	4239	.742303							7.221037	8.674276	10.03074	11.61246	12.84724	14.96842	20.44821	29.93477		17.58921
1	1965.5	1963.5	"UR"			276	12878	.855418					8.127679	8.605078	9.588984	10.42783	11.3569	12.76401	13.74582	14.88708	22.19069	28.54021		46.65942
0	1967.5	1965.5	"UR"			482	5361.2	.4531082						8.147697	9.252174	10.41115	12.07198	13.64666	14.37174	15.33805	21.35101	28.24948		11.12282
0	1969.5	1967.5	"UR"			525	6529.6	.562185							8.9	10.39901	12.35336	14.37285	15.60396	17.04213	20.51315	25.37923		12.43733
0	1971.5	1969.5	"UR"			587	8543.1	.4010087					10.19513	10.77445	12.13413	13.66791	15.56696	17.841	19.31025	20.7064	26.7428	32.64968	53.17582	14.55383
2	1959.5	1957.5	"VD"			6200	73703	.5638593						6.2222	7.218839	8.386517	9.913542	11.73384	12.87908	14.8091	21.10776	30.43455	74.1953	11.88758
2	1961.5	1959.5	"VD"			9371	115642	.5198901				6.070745	6.356782	6.677481	7.339366	8.096053	9.147889	10.83017	12.20644	14.16903	22.15252	33.40229	81.07161	12.34041
4	1963.5	1961.5	"VD"			12078	190094	.5621989					7.074513	7.460273	8.348213	9.466833	11.14014	13.81362	15.96057	18.8067	30.98764	47.26662	99.35702	15.73886
6	1965.5	1963.5	"VD"			9526	152179	.5828449					7.110573	8.137197	9.018616	10.07197	11.38144	13.48855	15.05505	17.1118	27.60019	46.39445	111.3253	15.97512
6	1967.5	1965.5	"VD"			14502	296350.4	.5211451				8.487832	9.068296	9.515456	10.60534	12.00608	13.6755	16.59179	18.8048	22.14513	35.88359	56.95659	142.6402	20.43514
5	1969.5	1967.5	"VD"			18565	385314.8	.50333				8.714347	9.377315	10.04437	11.30433	12.81635	14.72744	17.69602	20.00695	23.30558	37.88012	58.9418	136.979	20.75491
12	1971.5	1969.5	"VD"			20970	532726.3	.5109451				10.71191	11.55369	12.36875	13.89779	15.70429	18.05565	21.51231	24.24054	28.09213	45.61716	71.96836	173.1115	25.40421
0	1959.5	1957.5	"VS"			226	3030	.5807238							6.76295	7.93654	9.476555	12.33803	13.39482	15.58424	23.8863	32.67702	113.5832	13.40708
0	1961.5	1959.5	"VS"			750	6807	.4535327						6.210205	6.903568	7.607539	8.519682	9.771761	10.62784	12.02781	16	21.92086	58.58371	9.076
2	1963.5	1961.5	"VS"			1752	22961	.5611165						6.958649	7.985508	9.027347	10.15109	11.68171	12.56946	13.791	19.11749	24.72507	53.59826	13.10559
1	1965.5	1963.5	"VS"			2251	25617	.5495149							8.078818	9.291088	10.70651	12.38751	13.43498	14.91682	20.10343	26.71204	68.6469	11.38028
2	1967.5	1965.5	"VS"			3324	38542.9	.5098867							8.351071	9.671986	11.06487	12.77048	13.8162	15.29975	20.4213	26.72727	57.91902	11.59534
1	1969.5	1967.5	"VS"			6080	70215	.4738891							8.547496	10.23131	11.86371	13.77115	14.88873	16.47522	21.62586	28.59413	58.25231	11.54852
1	1971.5	1969.5	"VS"			3062	32226.3	.615748										9.138603	11.73217	14.02574	22.88891	33.12355	95.23051	10.52459
0	1959.5	1957.5	"ZG"			1280	14863	.4541213				6.345104	6.58633	6.854356	7.368729	7.978169	8.843976	10.20359	11.27543	12.4946	18.70312	30.00001	65.44851	11.61172
0	1961.5	1959.5	"ZG"			2712	27452	.3661623			6.064385	6.37008	6.54407	6.735327	7.149134	7.607585	8.182288	8.914665	9.456216	10.22596	14.28649	23.61754	53.47664	10.12242
0	1963.5	1961.5	"ZG"			3084	35596	.3762724			6.027753	7.157111	7.398681	7.665948	8.224793	8.829427	9.571484	10.57179	11.25122	12.22535	17.50296	28.18016	61.83353	11.54215
0	1965.5	1963.5	"ZG"			2771	37503	.4127389				8.133566	8.475967	8.857956	9.570536	10.41891	11.48716	12.95848	13.94505	15.49147	22.75292	35.06238	78.73798	13.5341
0	1967.5	1965.5	"ZG"			3446	53563	.4479313				8.250358	8.668339	9.182379	10.13564	11.2336	12.43551	14.13722	15.39059	17.14729	23.80873	39.83292	105.9837	15.54353
0	1969.5	1967.5	"ZG"			4246	73015.3	.4148686			7.190141	8.868478	9.45186	10.08085	11.30626	12.617	14.2767	16.33342	17.66243	19.71571	28.83929	44.84782	98.02914	17.19625
1	1971.5	1969.5	"ZG"			4102	93774.7	.4092601			9.528287	11.80928	12.70156	13.58744	15.23956	16.9	19.29943	22.28822	24.44066	27.07043	37.74564	53.59927	128.3716	22.86073
3	1959.5	1957.5	"ZH"			23517	301335	.4909223				6.376184	6.874429	7.292883	8.161536	9.087248	10.18305	11.70071	12.74074	14.18021	20.59812	32.14499	91.18541	12.8135
4	1961.5	1959.5	"ZH"			53826	516943	.3654909				6.384309	6.614243	6.869212	7.287163	7.747167	8.302751	9.027619	9.501765	10.13148	13.14617	18.69022	51.64896	9.603965
8	1963.5	1961.5	"ZH"			54275	639902	.4316518				7.11488	7.405118	7.728494	8.350872	9.036023	9.822222	10.87536	11.63117	12.64814	17.1203	24.95149	72.64861	11.79
11	1965.5	1963.5	"ZH"			53554	743162	.4593872				8.068073	8.43237	8.84002	9.617723	10.48386	11.52757	12.91465	13.87455	15.15076	20.98622	31.69961	87.4138	13.87687
11	1967.5	1965.5	"ZH"			30574	565464.9	.4915432				8.590366	9.328686	10.04962	11.3125	12.66659	14.35514	16.68375	18.38145	20.58824	30.36779	46.87258	119.547	18.49496
26	1969.5	1967.5	"ZH"			50636	1020519	.4941783				9.01193	9.891723	10.80124	12.53298	14.28062	16.31054	19.02533	20.64963	23.05756	32.28803	47.61204	126.18	20.15402
18	1971.5	1969.5	"ZH"			63247	1551214	.4646131				11.53817	12.62624	13.64622	15.69782	17.86452	20.32993	23.44705	25.62842	28.46364	40.29082	58.87506	156.392	24.52628
